Name,Url of Property,Description 1,Description 2,Price,Time,Img
à¶à·à¶½à· à¶´à·à¶»à¶§ à¶à·à·à¶¯à·à¶± à¶¯à·à¶»à·à¶±à· à·à¶§à·à¶±à· à¶à¶©à¶¸à·,https://ikman.lk/en/ad/gaalu-paartt-avidin-durin-vttinaa-iddm-for-sale-kalutara,10.0 perches,"Kalutara, Land",$1468.3098591549297 per perch,3 minutes,https://i.ikman-st.com/gaalu-paartt-avidin-durin-vttinaa-iddm-for-sale-kalutara/ec579030-2a7b-429b-b7ed-859c92d31ec5/142/107/cropped.jpg
à¶¶à·à¶ºà¶à¶¸ - LAND FOR SALE,https://ikman.lk/en/ad/biygm-land-for-sale-for-sale-colombo-2,10.0 perches,"Colombo, Land",$1028.1690140845071 per perch,3 minutes,https://i.ikman-st.com/biygm-land-for-sale-for-sale-colombo-2/3cc5fad7-ba15-46d6-bf6e-5f27a63e271e/142/107/cropped.jpg
Exclusive property for spadukka,https://ikman.lk/en/ad/exclusive-property-for-spadukka-for-sale-colombo,10.0 perches,"Colombo, Land",$774.6478873239437 per perch,3 minutes,https://i.ikman-st.com/exclusive-property-for-spadukka-for-sale-colombo/6cad5947-35a7-4150-a76a-24bc12fdcb63/142/107/cropped.jpg
21 Perch Solid Land for Sale seeduwa katunayaka,https://ikman.lk/en/ad/21-perch-solid-land-for-sale-seeduwa-katunayaka-for-sale-gampaha,21.0 perches,"Gampaha, Land",$1267.605633802817 per perch,4 minutes,https://i.ikman-st.com/21-perch-solid-land-for-sale-seeduwa-katunayaka-for-sale-gampaha/950791c4-8dfb-439c-8c58-e605be6c266e/142/107/cropped.jpg
12.5 Perch Solid Land for Sale aluthgama,https://ikman.lk/en/ad/125-perch-solid-land-for-sale-aluthgama-for-sale-kalutara,12.5 perches,"Kalutara, Land",$591.5492957746479 per perch,4 minutes,https://i.ikman-st.com/125-perch-solid-land-for-sale-aluthgama-for-sale-kalutara/492413b9-a793-490a-856f-c8b8132997c7/142/107/cropped.jpg
Ariyana Resort Apartment | For Sale Athurugiriya - Property ID A1514 for sale,https://ikman.lk/en/ad/ariyana-resort-apartment-for-sale-athurugiriya-property-id-a1514-for-sale-colombo,"Bedrooms: 2, Bathrooms: 2","Colombo, Apartments For Sale",null,null,null
Ariyana Apartment | For Sale Athurugiriya - Property ID A1511 for sale,https://ikman.lk/en/ad/ariyana-apartment-for-sale-athurugiriya-property-id-a1511-for-sale-colombo,"Bedrooms: 3, Bathrooms: 2","Colombo, Apartments For Sale",null,null,null
Land for Sale Nittambuwa Town,https://ikman.lk/en/ad/land-for-sale-nittambuwa-town-for-sale-gampaha-8,12.5 perches,"Gampaha, Land",$774.6478873239437 per perch,5 minutes,https://i.ikman-st.com/land-for-sale-nittambuwa-town-for-sale-gampaha-8/dc7ddd60-db1e-45a9-b049-4eb093ea81ed/142/107/cropped.jpg
12.5 Perch Solid Land for Sale kosgoda,https://ikman.lk/en/ad/125-perch-solid-land-for-sale-kosgoda-for-sale-galle-2,12.5 perches,"Galle, Land",$957.7464788732394 per perch,6 minutes,https://i.ikman-st.com/125-perch-solid-land-for-sale-kosgoda-for-sale-galle-2/916acced-cf2d-4d5a-b741-be02edaccda3/142/107/cropped.jpg
First Floor House for Rent - Kelaniya for rent,https://ikman.lk/en/ad/first-floor-house-for-rent-kelaniya-for-rent-gampaha,"Beds: 2, Baths: 1","Gampaha, House Rentals",null,null,null
Land for Sale in Homagama,https://ikman.lk/en/ad/land-for-sale-in-homagama-for-sale-colombo-3580,11.47 perches,"Colombo, Land",$845.0704225352113 per perch,.bump-up_svg__st1{fill:#ffc800},https://i.ikman-st.com/land-for-sale-in-homagama-for-sale-colombo-3580/2ca4f2a0-7ff8-4afa-9a57-0cae141cfc4a/142/107/cropped.jpg
Land for sale in Pannipitiya,https://ikman.lk/en/ad/land-for-sale-in-pannipitiya-for-sale-colombo-1369,7.75 perches,"Colombo, Land",$5492.957746478874 per perch,11 minutes,https://i.ikman-st.com/land-for-sale-in-pannipitiya-for-sale-colombo-1369/de331345-3e38-4372-a1a2-902c5a4bed68/142/107/cropped.jpg
12.5 Perch Solid Land for Sale pugoda,https://ikman.lk/en/ad/125-perch-solid-land-for-sale-pugoda-for-sale-gampaha,12.5 perches,"Gampaha, Land",$633.8028169014085 per perch,12 minutes,https://i.ikman-st.com/125-perch-solid-land-for-sale-pugoda-for-sale-gampaha/a79329f2-ca1c-4b60-9bfc-094c79a18055/142/107/cropped.jpg
Land for Sale in Gelanigama,https://ikman.lk/en/ad/land-for-sale-in-gelanigama-bandaragama-for-sale-kalutara,13.5 perches,"Kalutara, Land",$39436.619718309856 total price,.bump-up_svg__st1{fill:#ffc800},https://i.ikman-st.com/land-for-sale-in-gelanigama-bandaragama-for-sale-kalutara/00ecc621-50c9-4d2f-8362-e340a4a933a3/142/107/cropped.jpg
12.9 Perch Solid Land for Sale kiridiwala,https://ikman.lk/en/ad/129-perch-solid-land-for-sale-kiridiwala-for-sale-gampaha,12.9 perches,"Gampaha, Land",$492.9577464788732 per perch,14 minutes,https://i.ikman-st.com/129-perch-solid-land-for-sale-kiridiwala-for-sale-gampaha/e052708a-1753-471b-a228-32a76a10d754/142/107/cropped.jpg
Land for Sale - Kaduwela,https://ikman.lk/en/ad/land-for-sale-kaduwela-for-sale-colombo-1544,10.0 perches,"Colombo, Land",$27887.323943661973 total price,.bump-up_svg__st1{fill:#ffc800},https://i.ikman-st.com/land-for-sale-kaduwela-for-sale-colombo-1544/a260352b-8c9e-49a5-8d3f-997f4dccc6ad/142/107/cropped.jpg
12 Perch Solid Land for Sale padukka,https://ikman.lk/en/ad/12-perch-solid-land-for-sale-padukka-for-sale-colombo-1,12.0 perches,"Colombo, Land",$774.6478873239437 per perch,16 minutes,https://i.ikman-st.com/12-perch-solid-land-for-sale-padukka-for-sale-colombo-1/7031efba-18e1-4de0-9664-356b25946ecc/142/107/cropped.jpg
Wadduwa Land for Sale,https://ikman.lk/en/ad/wadduwa-land-for-sale-for-sale-kalutara-87,10.0 perches,"Kalutara, Land",$1549.2957746478874 per perch,16 minutes,https://i.ikman-st.com/wadduwa-land-for-sale-for-sale-kalutara-87/07d6da3b-9708-4bef-a77c-cfea912df053/142/107/cropped.jpg
Land for sale in Padukka,https://ikman.lk/en/ad/land-for-sale-in-padukka-for-sale-colombo-1688,12.0 perches,"Colombo, Land",$915.4929577464789 per perch,.bump-up_svg__st1{fill:#ffc800},https://i.ikman-st.com/land-for-sale-in-padukka-for-sale-colombo-1688/c00b5240-114f-42e6-bc7b-4c2fd2f2933f/142/107/cropped.jpg
House for Rent in Katubedda for rent,https://ikman.lk/en/ad/house-for-rent-in-katubedda-for-rent-colombo-332,"Beds: 5, Baths: 2","Colombo, House Rentals",null,null,null
Land for sale in Athurugiriya,https://ikman.lk/en/ad/land-for-sale-in-athurugiriya-for-sale-colombo-2837,10.25 perches,"Colombo, Land",$53521.126760563384 total price,.bump-up_svg__st1{fill:#ffc800},https://i.ikman-st.com/land-for-sale-in-athurugiriya-for-sale-colombo-2837/65baaf94-3ada-4398-ba29-6a52bcdac17c/142/107/cropped.jpg
à¶¶à¶«à·à¶©à·à¶»à¶à¶¸ à¶à·à¶§à·à¶±à· à¶à¶©à¶¸à¶à· à·à·à¶à·à¶«à·à¶¸à¶§,https://ikman.lk/en/ad/bnnddaargm-avttin-iddmk-vikinniimtt-for-sale-kalutara,12.0 perches,"Kalutara, Land",$774.6478873239437 per perch,17 minutes,https://i.ikman-st.com/bnnddaargm-avttin-iddmk-vikinniimtt-for-sale-kalutara/f6139f13-8c60-47fe-9dbf-5c0e773e651c/142/107/cropped.jpg
14.25 Perch Solid Land for Sale Nittambuwa,https://ikman.lk/en/ad/1425-perch-solid-land-for-sale-nittambuwa-for-sale-gampaha,14.25 perches,"Gampaha, Land",$774.6478873239437 per perch,18 minutes,https://i.ikman-st.com/1425-perch-solid-land-for-sale-nittambuwa-for-sale-gampaha/6613985d-d026-4976-ac57-4df00add31d1/142/107/cropped.jpg
Ground floor Apartment For Rent Panagoda for rent,https://ikman.lk/en/ad/ground-floor-apartment-for-rent-for-rent-colombo-19,"Beds: 2, Baths: 1","Colombo, Apartment Rentals",null,null,null
Residential Land for Sale in Colombo 05 (C7-0883),https://ikman.lk/en/ad/residential-land-for-sale-in-colombo-05-c7-0883-for-sale-colombo,15.0 perches,"Colombo, Land",$38028.16901408451 per perch,21 minutes,https://i.ikman-st.com/residential-land-for-sale-in-colombo-05-c7-0883-for-sale-colombo/ac73751b-65cc-4c06-af48-92f5de3ee147/142/107/cropped.jpg
Land for Sale in Bandaragama,https://ikman.lk/en/ad/land-for-sale-in-bandaragama-for-sale-kalutara-1809,18.0 perches,"Kalutara, Land",$788.7323943661971 per perch,.bump-up_svg__st1{fill:#ffc800},https://i.ikman-st.com/land-for-sale-in-bandaragama-for-sale-kalutara-1809/6061ba9a-faec-4e94-aea7-c58d654e3697/142/107/cropped.jpg
Land For Sale In Moratuwa,https://ikman.lk/en/ad/land-for-sale-in-moratuwa-for-sale-colombo-744,6.2 perches,"Colombo, Land",$3380.281690140845 per perch,.bump-up_svg__st1{fill:#ffc800},https://i.ikman-st.com/land-for-sale-in-moratuwa-for-sale-colombo-744/07824446-32eb-4ded-a2e2-f1beced9191a/142/107/cropped.jpg
à·à·à¶»à¶« à¶¶à·à· à¶¸à·à¶»à·à¶à¶ºà¶§ à¶à·à¶±à¶ºà·à¶±à· à¶à¶©à¶¸à¶à· - à¶¯à·à¶¹à¶à·à¶©,https://ikman.lk/en/ad/hornn-bs-maargytt-aasnyen-iddmk-dombgodd-for-sale-kalutara,10.0 perches,"Kalutara, Land",$450.7042253521127 per perch,.bump-up_svg__st1{fill:#ffc800},https://i.ikman-st.com/hornn-bs-maargytt-aasnyen-iddmk-dombgodd-for-sale-kalutara/9cf534f3-d5bf-4757-82ba-b8a65c7f7eb8/142/107/cropped.jpg
Land for Sale in Ganemulla,https://ikman.lk/en/ad/350000-for-sale-gampaha,16.0 perches,"Gampaha, Land",$985.9154929577464 total price,22 minutes,https://i.ikman-st.com/350000-for-sale-gampaha/b1046f8b-9428-44ab-88ce-d3b96969e5f0/142/107/cropped.jpg
land in seeduwa raddolugama,https://ikman.lk/en/ad/land-in-seeduwa-raddolugama-for-sale-gampaha-3,11.0 perches,"Gampaha, Land",$1267.605633802817 per perch,23 minutes,https://i.ikman-st.com/land-in-seeduwa-raddolugama-for-sale-gampaha-3/7d2390a3-e429-4b6e-baa7-1ca35cb98e6c/142/107/cropped.jpg
à·à¶à·à¶»à·à¶°à¶±à¶º à¶à¶»à¶± à¶à¶©à¶¸à¶à· à¶à·à¶­à·à·à·à¶±,https://ikman.lk/en/ad/snvrdhny-krn-iddmk-ketheen-for-sale-kalutara,15.0 perches,"Kalutara, Land",$1690.1408450704225 total price,24 minutes,https://i.ikman-st.com/snvrdhny-krn-iddmk-ketheen-for-sale-kalutara/60278511-34cf-4d0b-901a-488d31a19048/142/107/cropped.jpg
à¶à¶©à¶¸ à·à·à¶à·à¶«à·à¶¸à¶§ - à¶¸à·à·à¶à¶à¶à·à¶»à·à¶º,https://ikman.lk/en/ad/iddm-vikinniimtt-mhaaingiriy-for-sale-kalutara,10.0 perches,"Kalutara, Land",$16338.028169014084 total price,.bump-up_svg__st1{fill:#ffc800},https://i.ikman-st.com/iddm-vikinniimtt-mhaaingiriy-for-sale-kalutara/c344cd92-c097-42fd-b71f-bb3d2fb74678/142/107/cropped.jpg
Luxury House for Sale in Mawaramandiya (c7-0885) for sale,https://ikman.lk/en/ad/luxury-house-for-sale-in-mawaramandiya-c7-0885-for-sale-gampaha-1,"Bedrooms: 3, Bathrooms: 2","Gampaha, Houses For Sale",null,null,null
à¶à¶©à¶¸à¶à· à¶à·à¶¹à·à¶,https://ikman.lk/en/ad/iddmk-kumbuk-for-sale-kalutara-5,10.0 perches,"Kalutara, Land",$816.9014084507043 per perch,27 minutes,https://i.ikman-st.com/iddmk-kumbuk-for-sale-kalutara-5/bba7f6a1-7f4b-48fc-9100-4f9fec79546c/142/107/cropped.jpg
House of Rent in Delgoda for rent,https://ikman.lk/en/ad/house-of-rent-in-delgoda-for-rent-gampaha,"Beds: 3, Baths: 1","Gampaha, House Rentals",null,null,null
Land Sale in Habarakada,https://ikman.lk/en/ad/residential-land-sale-in-habarakada-for-sale-colombo,8.0 perches,"Colombo, Land",$2112.676056338028 per perch,.bump-up_svg__st1{fill:#ffc800},https://i.ikman-st.com/residential-land-sale-in-habarakada-for-sale-colombo/55b2dc1b-81bf-45de-b94f-e7a4ffa91615/142/107/cropped.jpg
Residential Land for Sale in Kadawatha (c7-0884),https://ikman.lk/en/ad/residential-land-for-sale-in-kadawatha-c7-0884-for-sale-gampaha-1,100.0 perches,"Gampaha, Land",$845070.4225352113 total price,28 minutes,https://i.ikman-st.com/residential-land-for-sale-in-kadawatha-c7-0884-for-sale-gampaha-1/ec5a792f-0e6f-4b28-866e-31d43afbc0ba/142/107/cropped.jpg
Land in Kadawatha,https://ikman.lk/en/ad/land-in-kadawatha-for-sale-gampaha-4777,6.5 perches,"Gampaha, Land",$3591.549295774648 per perch,.bump-up_svg__st1{fill:#ffc800},https://i.ikman-st.com/land-in-kadawatha-for-sale-gampaha-4777/f1c6c70a-8f3b-4bd9-be2c-941cab3fb250/142/107/cropped.jpg
Land in yakkala weeragula,https://ikman.lk/en/ad/land-in-yakkala-weeragula-for-sale-gampaha-1,6.3 perches,"Gampaha, Land",$7098.591549295775 total price,.bump-up_svg__st1{fill:#ffc800},https://i.ikman-st.com/land-in-yakkala-weeragula-for-sale-gampaha-1/b7743d7d-5657-4e81-9162-20184085a89c/142/107/cropped.jpg
Land in Kesbawa Bandaragama,https://ikman.lk/en/ad/land-in-kesbawa-bandaragama-for-sale-colombo-1,10.0 perches,"Colombo, Land",$690.1408450704225 per perch,.bump-up_svg__st1{fill:#ffc800},https://i.ikman-st.com/land-in-kesbawa-bandaragama-for-sale-colombo-1/87d5ab8c-fe93-4628-a573-e760d54c5981/142/107/cropped.jpg
Land for Sale - à¶¸à·à¶»à¶à·à·à·à¶±,https://ikman.lk/en/ad/land-for-sale-morghheen-for-sale-kalutara-4,11.5 perches,"Kalutara, Land",$647.887323943662 per perch,31 minutes,https://i.ikman-st.com/land-for-sale-morghheen-for-sale-kalutara-4/4e6e7c2e-a94f-4384-8e29-e90433089474/142/107/cropped.jpg
3BR Apartment For Sale In Colombo 4 - CA434 for sale,https://ikman.lk/en/ad/3br-apartment-for-sale-in-colombo-4-ca434-for-sale-colombo,"Bedrooms: 3, Bathrooms: 2","Colombo, Apartments For Sale",null,null,null
Land for Sale - Dodangoda,https://ikman.lk/en/ad/land-for-sale-dodangoda-for-sale-kalutara-745,11.0 perches,"Kalutara, Land",$746.4788732394367 per perch,32 minutes,https://i.ikman-st.com/land-for-sale-dodangoda-for-sale-kalutara-745/ee185cc6-2b95-41b8-8b4e-225adc819af9/142/107/cropped.jpg
à¶¯à·à¶©à¶¸à·à¶à·à¶© à¶±à¶à¶»à¶ºà·à¶±à· à¶¶à·à¶¸à· à¶à·à¶§à·à· à·à·à¶à·à¶«à·à¶¸à¶§,https://ikman.lk/en/ad/doddmgodd-ngryen-bim-kotts-vikinniimtt-for-sale-kalutara,11.0 perches,"Kalutara, Land",$760.5633802816901 per perch,33 minutes,https://i.ikman-st.com/doddmgodd-ngryen-bim-kotts-vikinniimtt-for-sale-kalutara/ab99f004-46d8-4c5f-a397-892e180a71a5/142/107/cropped.jpg
Land for Sale in Kottawa (C7-0882),https://ikman.lk/en/ad/land-for-sale-in-kottawa-c7-0882-for-sale-colombo,55.0 perches,"Colombo, Land",$3098.5915492957747 per perch,33 minutes,"data:image/png;base64,iVBORw0KGgoAAAANSUhEUgAAAZgAAAE+CAYAAACwfgamAAAAAXNSR0IArs4c6QAAEsZJREFUeAHt3ftzVGcZB/AT5E4svVhkWiuFtqPjVDvqjD/5l/nf+YPjdEZrLRYabtJyT8I1gQAh4J5g0tAuyQL7JXvO8zkztkn25Mn7fN6n83UvZ3dqaWnpz42DAAECBAiMWWBq4d7dJ2OuqRwBAgQIEGh2MCBAgAABAgkBAZNQVZMAAQIE3IMxAwQIECCQEXAPJuOqKgECBMoLCJjyIwCAAAECGQEBk3FVlQABAuUFBEz5EQBAgACBjICAybiqSoAAgfICAqb8CAAgQIBARkDAZFxVJUCAQHkBAVN+BAAQIEAgIyBgMq6qEiBAoLyAgCk/AgAIECCQERAwGVdVCRAgUF5AwJQfAQAECBDICAiYjKuqBAgQKC8gYMqPAAACBAhkBARMxlVVAgQIlBcQMOVHAAABAgQyAgIm46oqAQIEygsImPIjAIAAAQIZAQGTcVWVAAEC5QUETPkRAECAAIGMgIDJuKpKgACB8gICpvwIACBAgEBGQMBkXFUlQIBAeQEBU34EABAgQCAjIGAyrqoSIECgvICAKT8CAAgQIJAREDAZV1UJECBQXkDAlB8BAAQIEMgICJiMq6oECBAoLyBgyo8AAAIECGQEBEzGVVUCBAiUFxAw5UcAAAECBDICAibjqioBAgTKCwiY8iMAgAABAhkBAZNxVZUAAQLlBQRM+REAQIAAgYyAgMm4qkqAAIHyAgKm/AgAIECAQEZAwGRcVSVAgEB5AQFTfgQAECBAICMgYDKuqhIgQKC8gIApPwIACBAgkBEQMBlXVQkQIFBeQMCUHwEABAgQyAgImIyrqgQIECgvIGDKjwAAAgQIZAQETMZVVQIECJQXEDDlRwAAAQIEMgICJuOqKgECBMoLCJjyIwCAAAECGQEBk3FVlQABAuUFBEz5EQBAgACBjICAybiqSoAAgfICAqb8CAAgQIBARkDAZFxVJUCAQHkBAVN+BAAQIEAgIyBgMq6qEiBAoLyAgCk/AgAIECCQERAwGVdVCRAgUF5AwJQfAQAECBDICAiYjKuqBAgQKC8gYMqPAAACBAhkBARMxlVVAgQIlBcQMOVHAAABAgQyAgIm46oqAQIEygsImPIjAIAAAQIZAQGTcVWVAAEC5QUETPkRAECAAIGMgIDJuKpKgACB8gICpvwIACBAgEBGQMBkXFUlQIBAeQEBU34EABAgQCAjIGAyrqoSIECgvICAKT8CAAgQIJAREDAZV1UJECBQXkDAlB8BAAQIEMgICJiMq6oECBAoLyBgyo8AAAIECGQEBEzGVVUCBAiUFxAw5UcAAAECBDICAibjqioBAgTKCwiY8iMAgAABAhkBAZNxVZUAAQLlBQRM+REAQIAAgYyAgMm4qkqAAIHyAgKm/AgAIECAQEZAwGRcVSVAgEB5AQFTfgQAECBAICMgYDKuqhIgQKC8gIApPwIACBAgkBEQMBlXVQkQIFBeQMCUHwEABAgQyAgImIyrqgQIECgvIGDKjwAAAgQIZAQETMZVVQIECJQXEDDlRwAAAQIEMgICJuOqKgECBMoLCJjyIwCAAAECGQEBk3FVlQABAuUFBEz5EQBAgACBjICAybiqSoAAgfICAqb8CAAgQIBARkDAZFxVJUCAQHkBAVN+BAAQIEAgIyBgMq6qEiBAoLyAgCk/AgAIECCQERAwGVdVCRAgUF5AwJQfAQAECBDICAiYjKuqBAgQKC8gYMqPAAACBAhkBARMxlVVAgQIlBcQMOVHAAABAgQyAgIm46oqAQIEygsImPIjAIAAAQIZAQGTcVWVAAEC5QUETPkRAECAAIGMgIDJuKpKgACB8gICpvwIACBAgEBGQMBkXFUlQIBAeQEBU34EABAgQCAjIGAyrqoSIECgvICAKT8CAAgQIJAR2JkpqyqBVxNYvLfY3Lu7+GpFivz2/gPTzfT+6SLdarNLAgKmS7tVaK2zs1ebc9+eKdTxy7d67MjHzfSHH798Ab9JICTgIbIQrLIECBCoLiBgqk+A/gkQIBASEDAhWGUJECBQXUDAVJ8A/RMgQCAk4En+EKyy4xc49O7h5pNjvxp/4Q5VPH1uppmdu9qhFVtqZQEBU3n3O9b7zp/sbPbt3dexVY93ua2Bg0BXBDxE1pWdsk4CBAh0TEDAdGzDLJcAAQJdERAwXdkp6yRAgEDHBARMxzbMcgkQINAVAQHTlZ2yTgIECHRMQMB0bMMslwABAl0REDBd2SnrJECAQMcEBEzHNsxyCRAg0BUBAdOVnbJOAgQIdEzAZcEd2zDL3Vzg2uyV5urclWZh4U6zd8/e5s2DbzcfHjnWuAJ+cze3EkgICJiEqpqvXeDJkyfNf775qmkDZu24/+B+c+vOrebaIHA++/QPzfSBn67dNLZ/Lz9abnbt3DW2egoR6JOAh8j6tJuFe/nu4vlnwmUjxdL9peY/J79q2hAa93Fi5nhz10c7j5tVvZ4ICJiebGTlNlZWVppz5zf/eOXFuwvN5asXx8o0f2OumZufbS6Nue5YF6kYgW0UEDDbiO9Pj0dgYRAeK49Xtix2+87tLc8Z9YTHTx43M6dPrp5+5drlyL2jUdfiPAKTKiBgJnVnrGtkgaWluyOdO+p5oxQ7/925Zun+vdVTl5cfNrPz10b5NecQKCUgYEptdz+b3bfvwEiNjXreVsXa53TagNl4XLpyYeO3viZAYCAgYIxB5wWmD0w3O3ZsPcpvvPHmWHo9dfZk8/jx42dq3bh5fXCPZumZn/mGQHWBrf+rrC6k/4kXaK9xOXbk403XeWD/dPP+4fc3PWeUG+evz64+sT/s3HG/iGDY3/AzAl0SEDBd2i1rfa7AkQ+ONofe/fnQ2/cMLrj89Ne/baampobePuoP23stM2e+ee7pLxIwjx49em4dNxDoi4ALLfuyk8X7aMPjd7/5/epLka/NXV29kn/P3n3NWwffao7+8qNm165Xvxjy/IXvn9gfxv3gwYOmvYfzs3cODbt5/WfthZ9tUP3xsz81B/aP9vzR+i/7gkCHBARMhzbLUrcWeO/wL5r2f+M+hj2xP+xvtPdinhcw7TsLnDz1dXN9cP1Me7RhdGD/0WFl/IxALwQETC+2URNpgVNnTvzoif1hf3Pu+lzz8OGDZvfuPc/c3L7TwNnzp5v2otC1ow2Y9qE9B4G+CgiYvu6svsYmsPrE/iA4Rjnat6O5fO1S8+EHx1ZPX1i43Zw4fWLwkN2PL/K8eftms7w8eC+zMTx8N8ranEPgdQt4kv91i/t7nRJ4+sT+0yv2R1345SsXV++pnD77TfP5F38fGi5rta7fHC241s73bwJdEnAPpku7Za2vXeDpE/svdn3LvaV7zd8+/2vzcHCF/1bH7OC9zA4fem+r09xOoJMC7sF0ctss+nUIjPrE/rC1jBIu7e/duDnvfcyGAfpZLwQETC+2URMJgVGf2H+Vv91eD3Pz9o1XKeF3CUysgICZ2K2xsO0UeJEn9l91nXODV5M5CPRRQMD0cVf1tKlA+zLiM+dmnnvOyzyx/9xiI9wwP++J/hGYnNJBAQHTwU2z5JcXaD/i+Ivj/2zOX/jv4KOUrw4t9DJP7A8tNOIP27f9X7y3OOLZTiPQHQEB0529stJXFGgvcvxyEC6Li3dWK82cObl6HcrGsq/yxP7GOi/6dfuQnINA3wQETN92VD9DBdoLIP/99b+a23durd/ePlTWhszGo/3+h2/Fv/H21Nfzg5crOwj0TUDA9G1H9TNU4PjJL1dfEvzDG6/OXm7mN7w32Hbdk7g1CL72kzEdBPokIGD6tJt6GSpwYuZ4Mzv3/I80bt+Acti9maHFgj9cC7rgn1CawGsVEDCvldsfe90CpwZv13L56qVN/+yDwbsct2/pst2fSDk/4vudbdqMGwlMkICAmaDNsJTxCpz79kzTvovxKEcbMtt9XL/hqv7t3gN/f7wCAma8nqpNiMCFi982586fmZDVjLaMRyuDq/pvXR/tZGcR6ICAgOnAJlniiwm0D4nNnH321WEvVmH7zm4/T8ZBoC8CAqYvO6mPVYH2yfz2Sf2uHtv1Kraueln3ZAsImMneH6t7AYH2nYnblyN3+WhfaHD37kKXW7B2AusCAmadwhddFmgvoGwvpGwvqOz64WGyru+g9a8JCJg1Cf/urMDi4P/xt28Bs/Hz7jvbzGDh3l25y7tn7RsFBMxGDV93TqD99MgvvvpH076JZV+O9t7YqB9Y1pee9dFPAR+Z3M99LdPVlcErxt5+8531fqem2i9X/7H6s6ff/+Bnq99+f86Qb5/+7qDOkw2nTa3V/f/P1r9fPfvpP57etH7C2m8Mbnym0OC7Tb4fnL388GGze9fuDZV9SaB7AgKme3tmxRsEPjr6yYbvfEmAwCQJeIhsknbDWggQINAjAQHTo83UCgECBCZJQMBM0m5YCwECBHokIGB6tJlaIUCAwCQJeJJ/knbDWjYVuDZ7pbl+s/Z7dT1afrSpkRsJTJKAgJmk3bCWTQVWHq80Kw9WNj3HjQQITI6Ah8gmZy+shAABAr0SEDC92k7NECBAYHIEBMzk7IWVECBAoFcCnoPp1Xb2p5mDbxxsPnj/SH8aCnbSWjkITKLA1MK9u91/f/NJlLUmAgQIFBfwEFnxAdA+AQIEUgICJiWrLgECBIoLCJjiA6B9AgQIpAQETEpWXQIECBQXEDDFB0D7BAgQSAkImJSsugQIECguIGCKD4D2CRAgkBIQMClZdQkQIFBcQMAUHwDtEyBAICUgYFKy6hIgQKC4gIApPgDaJ0CAQEpAwKRk1SVAgEBxAQFTfAC0T4AAgZSAgEnJqkuAAIHiAgKm+ABonwABAikBAZOSVZcAAQLFBQRM8QHQPgECBFICAiYlqy4BAgSKCwiY4gOgfQIECKQEBExKVl0CBAgUFxAwxQdA+wQIEEgJCJiUrLoECBAoLiBgig+A9gkQIJASEDApWXUJECBQXEDAFB8A7RMgQCAlIGBSsuoSIECguICAKT4A2idAgEBKQMCkZNUlQIBAcQEBU3wAtE+AAIGUgIBJyapLgACB4gICpvgAaJ8AAQIpAQGTklWXAAECxQUETPEB0D4BAgRSAgImJasuAQIEigsImOIDoH0CBAikBARMSlZdAgQIFBcQMMUHQPsECBBICQiYlKy6BAgQKC4gYIoPgPYJECCQEhAwKVl1CRAgUFxAwBQfAO0TIEAgJSBgUrLqEiBAoLiAgCk+ANonQIBASkDApGTVJUCAQHEBAVN8ALRPgACBlICAScmqS4AAgeICAqb4AGifAAECKQEBk5JVlwABAsUFBEzxAdA+AQIEUgICJiWrLgECBIoLCJjiA6B9AgQIpAQETEpWXQIECBQXEDDFB0D7BAgQSAkImJSsugQIECguIGCKD4D2CRAgkBIQMClZdQkQIFBcQMAUHwDtEyBAICUgYFKy6hIgQKC4gIApPgDaJ0CAQEpAwKRk1SVAgEBxAQFTfAC0T4AAgZSAgEnJqkuAAIHiAgKm+ABonwABAikBAZOSVZcAAQLFBQRM8QHQPgECBFICAiYlqy4BAgSKCwiY4gOgfQIECKQEBExKVl0CBAgUFxAwxQdA+wQIEEgJCJiUrLoECBAoLiBgig+A9gkQIJASEDApWXUJECBQXEDAFB8A7RMgQCAlIGBSsuoSIECguICAKT4A2idAgEBKQMCkZNUlQIBAcQEBU3wAtE+AAIGUgIBJyapLgACB4gICpvgAaJ8AAQIpAQGTklWXAAECxQUETPEB0D4BAgRSAgImJasuAQIEigsImOIDoH0CBAikBARMSlZdAgQIFBcQMMUHQPsECBBICQiYlKy6BAgQKC4gYIoPgPYJECCQEhAwKVl1CRAgUFxAwBQfAO0TIEAgJSBgUrLqEiBAoLiAgCk+ANonQIBASkDApGTVJUCAQHEBAVN8ALRPgACBlICAScmqS4AAgeICAqb4AGifAAECKQEBk5JVlwABAsUFBEzxAdA+AQIEUgICJiWrLgECBIoLCJjiA6B9AgQIpAQETEpWXQIECBQXEDDFB0D7BAgQSAkImJSsugQIECguIGCKD4D2CRAgkBIQMClZdQkQIFBcQMAUHwDtEyBAICUgYFKy6hIgQKC4gIApPgDaJ0CAQEpAwKRk1SVAgEBxAQFTfAC0T4AAgZSAgEnJqkuAAIHiAgKm+ABonwABAikBAZOSVZcAAQLFBQRM8QHQPgECBFICAiYlqy4BAgSKCwiY4gOgfQIECKQEBExKVl0CBAgUFxAwxQdA+wQIEEgJCJiUrLoECBAoLiBgig+A9gkQIJASEDApWXUJECBQXEDAFB8A7RMgQCAlIGBSsuoSIECguICAKT4A2idAgEBKQMCkZNUlQIBAcQEBU3wAtE+AAIGUwM6pqR1/SRVXlwABAgQIECBAgAABAmMV+B9nYk7C4igyGgAAAABJRU5ErkJggg=="
à¶¸à·à¶»à¶§à·à·à·à¶±à· à·à·à¶»à·à¶§ à·à¶¸à·à¶´ à¶¶à·à¶¸à· à¶à·à¶§à·à· à¶»à·à·à¶à·,https://ikman.lk/en/ad/morttuven-verlltt-smiip-bim-kotts-raesk-for-sale-colombo,7.5 perches,"Colombo, Land",$3380.281690140845 per perch,.bump-up_svg__st1{fill:#ffc800},https://i.ikman-st.com/morttuven-verlltt-smiip-bim-kotts-raesk-for-sale-colombo/1399de54-4b21-459c-9138-df27a7e0b6a8/142/107/cropped.jpg
3 BR Apartment For Sale in Colombo 8 - CA320 for sale,https://ikman.lk/en/ad/3-br-apartment-for-sale-in-colombo-8-ca320-for-sale-colombo-1,"Bedrooms: 3, Bathrooms: 2","Colombo, Apartments For Sale",null,null,null
à¶½à¶à¶¯à·à¶¸ à¶´à¶¯à·à¶à¶ à·à¶ºà¶§ à¶à¶¯à·à¶¸ à¶à¶©à¶¸à¶à· à·à·à¶à·à¶«à·à¶¸à¶§ à¶à·à¶§à·à¶§à·à·,https://ikman.lk/en/ad/lgdiim-pdinciytt-kdim-iddmk-vikinniimtt-kottttaav-for-sale-colombo,6.0 perches,"Colombo, Land",$3943.6619718309857 per perch,36 minutes,https://i.ikman-st.com/lgdiim-pdinciytt-kdim-iddmk-vikinniimtt-kottttaav-for-sale-colombo/fc10344a-b1b3-43a4-b00e-f640693d2846/142/107/cropped.jpg
"à¶à·à¶»à·à¶³à·à·à·à¶½, à¶¯à·à¶½à·à¶à·à¶© 225 à¶¶à·à· à¶´à·à¶»à¶§ à¶¸à·à·à·à¶«à¶½à· à¶à¶©à¶¸ à·à·à¶à·à¶«à·à¶¸à¶§",https://ikman.lk/en/ad/kirindivael-delgodd-225-bs-paartt-muhunnlaa-iddm-vikinnimtt-for-sale-gampaha,67.5 perches,"Gampaha, Land",$1028.1690140845071 per perch,.bump-up_svg__st1{fill:#ffc800},https://i.ikman-st.com/kirindivael-delgodd-225-bs-paartt-muhunnlaa-iddm-vikinnimtt-for-sale-gampaha/49fa9ee3-c0bb-4a5a-b38c-9b5cf5d53e26/142/107/cropped.jpg
à·à·à¶½à· à¶ºà·à¶ºà¶à¶§ à¶¸à·à·à·à¶±à¶½à· à¶à¶©à¶¸ à·à·à¶à·à¶«à·à¶¸à¶§ à¶¶à·à¶±à·à¶­à·à¶§,https://ikman.lk/en/ad/vel-yaayktt-muhunlaa-iddm-vikinniimtt-bentott-for-sale-galle,12.5 perches,"Galle, Land",$338.0281690140845 per perch,39 minutes,https://i.ikman-st.com/vel-yaayktt-muhunlaa-iddm-vikinniimtt-bentott-for-sale-galle/d14063f0-d2a6-4015-88a0-5fdd4741d89d/142/107/cropped.jpg
Residential Land for Sale in Maharagama (C7-0880),https://ikman.lk/en/ad/residential-land-for-sale-in-maharagama-c7-0880-for-sale-colombo,16.13 perches,"Colombo, Land",$11267.605633802817 per perch,39 minutes,https://i.ikman-st.com/residential-land-for-sale-in-maharagama-c7-0880-for-sale-colombo/0187f057-ee0f-4e0a-af78-d66fa62b2e93/142/107/cropped.jpg
Annex for rent near KDU in Ratmalana,https://ikman.lk/en/ad/annex-for-rent-near-kdu-in-ratmalana-for-rent-colombo,"Beds: 2, Baths: 1","Colombo, Room & Annex Rentals",null,null,null
Land in Kandy Heerassagala,https://ikman.lk/en/ad/land-in-kandy-heerassagala-for-sale-kandy-2,15.0 perches,"Kandy, Land",$1859.1549295774648 per perch,.bump-up_svg__st1{fill:#ffc800},https://i.ikman-st.com/land-in-kandy-heerassagala-for-sale-kandy-2/48d818bf-78c6-4aff-854a-fad0fbc05b6f/142/107/cropped.jpg
Land for Sale in Badulla,https://ikman.lk/en/ad/land-for-sale-in-badulla-for-sale-badulla-349,10.0 perches,"Badulla, Land",$6197.183098591549 total price,.bump-up_svg__st1{fill:#ffc800},https://i.ikman-st.com/land-for-sale-in-badulla-for-sale-badulla-349/75364782-22fa-449c-bd5a-efbec460f969/142/107/cropped.jpg
Brand New Luxury Apartment For Sale In Colombo 3 - CA435 for sale,https://ikman.lk/en/ad/brand-new-luxury-apartment-for-sale-in-colombo-3-ca435-for-sale-colombo,"Bedrooms: 3, Bathrooms: 3","Colombo, Apartments For Sale",null,null,null
à¶´à·à¶¯à·à¶à·à¶ à¶±à¶à¶» à·à·à¶¸à·à·à·à¶±à· à¶±à·à·à·à·à·à¶ à¶¶à·à¶¸à·à¶à·à¶§à·à·,https://ikman.lk/en/ad/paadukk-ngr-siimaaven-neevaasik-bimkotts-for-sale-colombo,12.0 perches,"Colombo, Land",$760.5633802816901 per perch,.bump-up_svg__st1{fill:#ffc800},https://i.ikman-st.com/paadukk-ngr-siimaaven-neevaasik-bimkotts-for-sale-colombo/e6394b49-857f-4ec4-9570-f07b5f7224f7/142/107/cropped.jpg
à¶à¶©à¶¸ à·à·à¶à·à¶«à·à¶¸à¶§ à¶´à¶±à·à¶±à·à¶´à·à¶§à·à¶º,https://ikman.lk/en/ad/iddm-vikinniimtt-pnnipittiy-for-sale-colombo,6.0 perches,"Colombo, Land",$4225.352112676056 per perch,41 minutes,https://i.ikman-st.com/iddm-vikinniimtt-pnnipittiy-for-sale-colombo/b46a9a83-2aa8-470b-b471-df689eadf789/142/107/cropped.jpg
Land in Kandy Heerassagala,https://ikman.lk/en/ad/land-in-kandy-heerassagala-for-sale-kandy-3,20.0 perches,"Kandy, Land",$1859.1549295774648 per perch,.bump-up_svg__st1{fill:#ffc800},https://i.ikman-st.com/land-in-kandy-heerassagala-for-sale-kandy-3/13b8262d-ff4d-439f-85f9-f96daa4ce5c7/142/107/cropped.jpg
Land for Sale in - à·à·à¶»à¶«,https://ikman.lk/en/ad/land-for-sale-in-hornn-for-sale-kalutara-9,10.0 perches,"Kalutara, Land",$718.3098591549295 per perch,42 minutes,https://i.ikman-st.com/land-for-sale-in-hornn-for-sale-kalutara-9/d2a8a3d4-a19f-44a8-baa4-8c93ede756b5/142/107/cropped.jpg
Fully Furnished 3 Bedroom LUXE Apartment for Rent in Kottawa for rent,https://ikman.lk/en/ad/fully-furnished-3-bedroom-luxe-apartment-for-rent-in-kottawa-for-rent-colombo,"Beds: 3, Baths: 2","Colombo, Apartment Rentals",null,null,null
land for sale horana = ilimba,https://ikman.lk/en/ad/land-for-sale-horana-ilimba-for-sale-kalutara-9,12.5 perches,"Kalutara, Land",$422.53521126760563 per perch,1 hour,https://i.ikman-st.com/land-for-sale-horana-ilimba-for-sale-kalutara-9/39fdb89c-1bb1-4112-8283-2fd3f5a8b9d6/142/107/cropped.jpg
à¶à¶©à¶¸à¶à· à¶à·à¶§à·à¶§à·à· à¶à·à¶§à·à¶±à·,https://ikman.lk/en/ad/iddmk-kottttaav-avttin-for-sale-colombo,6.0 perches,"Colombo, Land",$3802.8169014084506 per perch,1 hour,https://i.ikman-st.com/iddmk-kottttaav-avttin-for-sale-colombo/7f5f4f0f-3e96-4021-b90f-634c1d12cc1c/142/107/cropped.jpg
Brand New Up stair House for Rent in Mount Lavinia for rent,https://ikman.lk/en/ad/brand-new-up-stair-house-for-rent-in-mount-lavinia-for-rent-colombo,"Beds: 2, Baths: 2","Colombo, House Rentals",null,null,null
30 Perch Land in for Sale Kadawatha,https://ikman.lk/en/ad/30-perch-land-in-for-sale-kadawatha-for-sale-gampaha,30.0 perches,"Gampaha, Land",$1267.605633802817 per perch,.bump-up_svg__st1{fill:#ffc800},https://i.ikman-st.com/30-perch-land-in-for-sale-kadawatha-for-sale-gampaha/f3b5be81-1675-422d-a304-efc802da3041/142/107/cropped.jpg
Land in Kosgoda,https://ikman.lk/en/ad/land-in-kosgoda-for-sale-galle-17,12.5 perches,"Galle, Land",$901.4084507042254 per perch,.bump-up_svg__st1{fill:#ffc800},https://i.ikman-st.com/land-in-kosgoda-for-sale-galle-17/b1ac4d5a-6ff1-4050-85ae-4b3d115ca35e/142/107/cropped.jpg
House For Rent in - Battaramulla for rent,https://ikman.lk/en/ad/house-for-rent-in-battaramulla-for-rent-colombo-1517,"Beds: 3, Baths: 1","Colombo, House Rentals",null,null,null
à¶¶à·à¶¸à· à¶à·à¶§à·à· à¶´à·à¶à·à¶© à¶±à¶à¶»à¶ºà¶§ à¶à·à¶±à·à¶±à·,https://ikman.lk/en/ad/bim-kotts-pugodd-ngrytt-aasnnv-for-sale-gampaha,12.5 perches,"Gampaha, Land",$507.0422535211268 per perch,1 hour,https://i.ikman-st.com/bim-kotts-pugodd-ngrytt-aasnnv-for-sale-gampaha/65aba55e-dc07-4a80-a74f-772e0ecfa12c/142/107/cropped.jpg
Apartment 1 Bed for Rent in Dehiwala for rent,https://ikman.lk/en/ad/apartment-1-bed-for-rent-in-dehiwala-for-rent-colombo,"Beds: 1, Baths: 1","Colombo, Apartment Rentals",null,null,null
House for Rent in Moratuwa for rent,https://ikman.lk/en/ad/house-for-rent-in-moratuwa-for-rent-colombo-1389,"Beds: 2, Baths: 2","Colombo, House Rentals",null,null,null
Land for Sale in Near Bentota,https://ikman.lk/en/ad/land-for-sale-in-near-bentota-for-sale-galle,10.0 perches,"Galle, Land",$802.8169014084507 per perch,.bump-up_svg__st1{fill:#ffc800},https://i.ikman-st.com/land-for-sale-in-near-bentota-for-sale-galle/733ed36d-d4dc-406c-8120-3acbb720e2f7/142/107/cropped.jpg
à¶¶à·à¶¸à· à¶à·à¶§à·à· à¶à¶¸à·à¶´à· à¶±à¶à¶»à¶ºà¶§ à¶à·à¶±à·à¶±à·,https://ikman.lk/en/ad/bim-kotts-gmph-ngrytt-aasnnv-for-sale-gampaha,8.0 perches,"Gampaha, Land",$1478.8732394366198 per perch,1 hour,https://i.ikman-st.com/bim-kotts-gmph-ngrytt-aasnnv-for-sale-gampaha/597de71a-e089-4def-99d2-a66305a2d364/142/107/cropped.jpg
HOUSE FOR RENT IN MADAPATHA PILIYANDALA for rent,https://ikman.lk/en/ad/house-for-rent-in-madapatha-piliyandala-for-rent-colombo-1,"Beds: 3, Baths: 2","Colombo, House Rentals",null,null,null
Brand New Two Story (1st floor only) For Rent In Wattala for rent,https://ikman.lk/en/ad/brand-new-two-story-1st-floor-only-for-rent-in-wattala-for-rent-gampaha,"Beds: 2, Baths: 1","Gampaha, House Rentals",null,null,null
à¶à·à¶§à·à¶§à·à· à¶à·à¶§à·à¶±à· à¶à¶©à¶¸à¶à·,https://ikman.lk/en/ad/kottttaav-avttin-iddmk-for-sale-colombo,6.0 perches,"Colombo, Land",$3661.9718309859154 per perch,1 hour,https://i.ikman-st.com/kottttaav-avttin-iddmk-for-sale-colombo/82d2922c-fdb6-480a-92ef-7243030b2299/142/107/cropped.jpg
COMMERCIAL PROPERTY FOR SALE IN MOUNT LAVINIA for sale,https://ikman.lk/en/ad/commercial-property-for-sale-in-mount-lavinia-for-sale-colombo-8,"2,000 sqft","Colombo, Commercial Properties For Sale",null,null,null
Two Storied House For Sale In Kadawatha for sale,https://ikman.lk/en/ad/two-storied-house-for-sale-in-kadawatha-for-sale-gampaha-34,"Bedrooms: 5, Bathrooms: 2","Gampaha, Houses For Sale",null,null,null
for sale kaduwela,https://ikman.lk/en/ad/for-sale-kaduwela-for-sale-colombo-1,10.0 perches,"Colombo, Land",$1070.4225352112676 per perch,1 hour,https://i.ikman-st.com/for-sale-kaduwela-for-sale-colombo-1/0fad742d-772a-4923-8fe3-1d15914c47e4/142/107/cropped.jpg
COMMERCIAL / RESIDENTIAL PROPERTY FOR SALE for sale,https://ikman.lk/en/ad/commercial-residential-property-for-sale-for-sale-colombo-1,"4,000 sqft","Colombo, Commercial Properties For Sale",null,null,null
land pokunuwita road,https://ikman.lk/en/ad/land-pokunuwita-road-for-sale-kalutara,10.0 perches,"Kalutara, Land",$788.7323943661971 per perch,1 hour,https://i.ikman-st.com/land-pokunuwita-road-for-sale-kalutara/bc70d604-0276-43a0-94a1-82df461ee4c8/142/107/cropped.jpg
House for Sale - Battaramulla for sale,https://ikman.lk/en/ad/house-for-sale-battaramulla-for-sale-colombo-531,"Bedrooms: 5, Bathrooms: 4","Colombo, Houses For Sale",null,null,null
Land for Sale - Panadura,https://ikman.lk/en/ad/land-for-sale-panadura-for-sale-kalutara-970,10.0 perches,"Kalutara, Land",$704.2253521126761 per perch,1 hour,https://i.ikman-st.com/land-for-sale-panadura-for-sale-kalutara-970/4098302d-c9cf-47c7-afa0-2324d6871442/142/107/cropped.jpg
16.5 Perch Valuable Land for Sale in Balagolla Kandy,https://ikman.lk/en/ad/165-perch-valuable-land-for-sale-in-balagolla-kandy-for-sale-kandy-1,16.5 perches,"Kandy, Land",$26760.563380281692 total price,1 hour,https://i.ikman-st.com/165-perch-valuable-land-for-sale-in-balagolla-kandy-for-sale-kandy-1/e7ae2ede-c36f-48b9-8eeb-a0df21eaa943/142/107/cropped.jpg
12.9 Extent land plots kiridiwala,https://ikman.lk/en/ad/129-extent-land-plots-kiridiwala-for-sale-gampaha-2,12.9 perches,"Gampaha, Land",$492.9577464788732 per perch,.bump-up_svg__st1{fill:#ffc800},https://i.ikman-st.com/129-extent-land-plots-kiridiwala-for-sale-gampaha-2/578d0be0-2204-4ea9-8841-bfb2fce90847/142/107/cropped.jpg
Land for sale godagama,https://ikman.lk/en/ad/land-for-sale-godagama-for-sale-colombo-136,10.0 perches,"Colombo, Land",$704.2253521126761 per perch,1 hour,https://i.ikman-st.com/land-for-sale-godagama-for-sale-colombo-136/674c7b82-942e-4fb9-9075-7f2a94ae5157/142/107/cropped.jpg
à¶¸à·à¶à¶¸à· à¶´à·à¶»à·à¶ºà·à¶±à· à¶´à¶¯à·à¶à¶ à·à¶ºà¶§ à·à¶§à·à¶±à· à¶à¶©à¶¸à¶à·,https://ikman.lk/en/ad/miigmu-purvyen-pdinciytt-vttinaa-iddmk-for-sale-gampaha,10.0 perches,"Gampaha, Land",$1183.0985915492959 per perch,1 hour,https://i.ikman-st.com/miigmu-purvyen-pdinciytt-vttinaa-iddmk-for-sale-gampaha/4eb57b20-1130-4c8d-803c-7024396955e2/142/107/cropped.jpg
Land for sale in Kandy Balagolla,https://ikman.lk/en/ad/land-for-sale-in-kandy-balagolla-for-sale-kandy-4,70.0 perches,"Kandy, Land",$841.938028169014 per perch,1 hour,https://i.ikman-st.com/land-for-sale-in-kandy-balagolla-for-sale-kandy-4/9ad277ee-9a0a-4d9f-b221-5c21c1077e67/142/107/cropped.jpg
Dekatana à¶±à·à·à·à·à·à¶ à¶¶à·à¶¸à·à¶à·à¶§à·à· à·à·à¶à·à¶«à·à¶¸à¶§,https://ikman.lk/en/ad/dekatana-neevaasik-bimkotts-vikinniimtt-for-sale-gampaha,18.15 perches,"Gampaha, Land",$492.9577464788732 per perch,.bump-up_svg__st1{fill:#ffc800},https://i.ikman-st.com/dekatana-neevaasik-bimkotts-vikinniimtt-for-sale-gampaha/ee90aefe-1cc8-4f21-aef8-322a95bc02f1/142/107/cropped.jpg
Land for Sale in Pinnawala,https://ikman.lk/en/ad/land-for-sale-in-pinnawala-for-sale-kandy,12.01 perches,"Kandy, Land",$563.3802816901408 per perch,1 hour,https://i.ikman-st.com/land-for-sale-in-pinnawala-for-sale-kandy/fe7507cc-9355-4884-8e03-204f70c449a2/142/107/cropped.jpg
High valuable land in Seeduwa .,https://ikman.lk/en/ad/high-valuable-land-in-seeduwa-for-sale-gampaha-5,10.5 perches,"Gampaha, Land",$1183.0985915492959 per perch,1 hour,https://i.ikman-st.com/high-valuable-land-in-seeduwa-for-sale-gampaha-5/eaf15817-2d8e-4956-aaa9-e45f369948bf/142/107/cropped.jpg
Luxury land in Seeduwa .,https://ikman.lk/en/ad/luxury-land-in-seeduwa-for-sale-gampaha-7,10.5 perches,"Gampaha, Land",$1197.1830985915492 per perch,1 hour,https://i.ikman-st.com/luxury-land-in-seeduwa-for-sale-gampaha-7/299e0e27-1ecd-4cf3-9ee2-305b6056a04a/142/107/cropped.jpg
Real Guardian Land Plots Pugoda Mandawala,https://ikman.lk/en/ad/real-guardian-land-plots-pugoda-mandawala-for-sale-gampaha-1,12.5 perches,"Gampaha, Land",$676.056338028169 per perch,.bump-up_svg__st1{fill:#ffc800},https://i.ikman-st.com/real-guardian-land-plots-pugoda-mandawala-for-sale-gampaha-1/db050f87-f869-40e1-8dc7-0124daca0f19/142/107/cropped.jpg
House for Sale in Pugoda for sale,https://ikman.lk/en/ad/house-for-sale-in-pugoda-for-sale-gampaha-19,"Bedrooms: 2, Bathrooms: 1","Gampaha, Houses For Sale",null,null,null
Land for Sale in Pinnawala,https://ikman.lk/en/ad/land-for-sale-in-pinnawala-for-sale-colombo-4,12.5 perches,"Colombo, Land",$1056.338028169014 per perch,1 hour,https://i.ikman-st.com/land-for-sale-in-pinnawala-for-sale-colombo-4/d769a6a0-0733-4ca9-96aa-f3fe7e19e1ce/142/107/cropped.jpg
High valuable land in Padukka,https://ikman.lk/en/ad/high-valuable-land-in-padukka-for-sale-colombo-9,11.0 perches,"Colombo, Land",$788.7323943661971 per perch,1 hour,https://i.ikman-st.com/high-valuable-land-in-padukka-for-sale-colombo-9/2cd97ffa-247a-482f-84c1-201cf94488a5/142/107/cropped.jpg
Brand new Luxury Apartment for Rent in Borella for rent,https://ikman.lk/en/ad/brand-new-luxury-apartment-for-rent-in-borella-for-rent-colombo,"Beds: 2, Baths: 1","Colombo, Apartment Rentals",null,null,null
à¶à·à¶½à· à¶´à·à¶»à¶§ à¶±à·à¶¯à·à¶»à·à¶±à· à·à·à¶´à·à¶»à· à¶à¶©à¶¸à¶à· à·à·à¶à·à¶«à·à¶¸à¶§ à¶à·à·à·à¶à·à¶©,https://ikman.lk/en/ad/gaalu-paartt-nudurin-supiri-iddmk-vikinniimtt-kosgodd-for-sale-galle,11.0 perches,"Galle, Land",$732.3943661971831 per perch,1 hour,https://i.ikman-st.com/gaalu-paartt-nudurin-supiri-iddmk-vikinniimtt-kosgodd-for-sale-galle/631a30e4-8bf2-49af-82e3-b5f09fa5d499/142/107/cropped.jpg
à¶´à·à¶à·à¶© à¶¸à¶±à·à¶©à·à·à¶½ à¶´à·âà¶»à¶°à·à¶± à¶´à·à¶»à·à¶±à· à¶´à¶¯à·à¶à¶ à·à¶ºà¶§ à¶à¶©à¶¸à¶à·. .,https://ikman.lk/en/ad/puugodd-mnddaavl-prdhaan-paaren-pdinciytt-iddmk-for-sale-gampaha,12.5 perches,"Gampaha, Land",$619.7183098591549 per perch,1 hour,https://i.ikman-st.com/puugodd-mnddaavl-prdhaan-paaren-pdinciytt-iddmk-for-sale-gampaha/7eea0ff4-badd-4c97-b792-2a19430d8f88/142/107/cropped.jpg
Land For Sale In Beliatta,https://ikman.lk/en/ad/land-for-sale-in-beliatta-for-sale-hambantota-477,80.0 perches,"Hambantota, Land",$845.0704225352113 per perch,1 hour,https://i.ikman-st.com/land-for-sale-in-beliatta-for-sale-hambantota-477/05d11d0d-92d7-4059-8a42-b0352e2650e8/142/107/cropped.jpg
Land for Sale - Pannipitiya,https://ikman.lk/en/ad/land-for-sale-pannipitiya-for-sale-colombo-779,6.0 perches,"Colombo, Land",$5915.492957746479 per perch,1 hour,https://i.ikman-st.com/land-for-sale-pannipitiya-for-sale-colombo-779/01081511-5368-4a39-94ad-0484e1da961d/142/107/cropped.jpg
Land for Sale in Galle,https://ikman.lk/en/ad/land-for-sale-in-galle-for-sale-galle-2274,8.0 perches,"Galle, Land",$2394.3661971830984 per perch,.bump-up_svg__st1{fill:#ffc800},https://i.ikman-st.com/land-for-sale-in-galle-for-sale-galle-2274/89d00e1d-5639-4d1d-8c05-164e3ae4ab3e/142/107/cropped.jpg
Nawala Luxury House For Sale In Prime Location for sale,https://ikman.lk/en/ad/nawala-luxury-house-for-sale-in-prime-location-for-sale-colombo-2,"Bedrooms: 4, Bathrooms: 3","Colombo, Houses For Sale",null,null,null
Land for Sale in Nittambuwa,https://ikman.lk/en/ad/land-for-sale-in-nittambuwa-for-sale-gampaha-1255,12.5 perches,"Gampaha, Land",$732.3943661971831 per perch,1 hour,https://i.ikman-st.com/land-for-sale-in-nittambuwa-for-sale-gampaha-1255/41bba53c-68bc-46ff-81ba-9c060f9e1f70/142/107/cropped.jpg
land for sale in pugoda,https://ikman.lk/en/ad/land-for-sale-in-pugoda-for-sale-gampaha-270,12.5 perches,"Gampaha, Land",$619.7183098591549 per perch,1 hour,https://i.ikman-st.com/land-for-sale-in-pugoda-for-sale-gampaha-270/393e6226-c366-40f6-a642-515debd1c83b/142/107/cropped.jpg
Commercial Building For sale in Colombo 02 for sale,https://ikman.lk/en/ad/commercial-building-for-sale-in-colombo-02-for-sale-colombo-3,260 sqft,"Colombo, Commercial Properties For Sale",null,null,null
Commercial/ Residential Land for Sale in Kaduwela (C7-1548),https://ikman.lk/en/ad/commercial-residential-land-for-sale-in-kaduwela-c7-1548-for-sale-colombo,12.5 perches,"Colombo, Land",$4225.352112676056 per perch,2 hours,https://i.ikman-st.com/commercial-residential-land-for-sale-in-kaduwela-c7-1548-for-sale-colombo/f52439d7-3fc9-41b2-95f2-c6f6010bb4f5/142/107/cropped.jpg
18.5 Perch Land for Sale in Pilawala Kandy,https://ikman.lk/en/ad/185-perch-land-for-sale-in-pilawala-kandy-for-sale-kandy-1,18.5 perches,"Kandy, Land",$16338.028169014084 total price,2 hours,https://i.ikman-st.com/185-perch-land-for-sale-in-pilawala-kandy-for-sale-kandy-1/a1fe2f0d-863e-4c8c-916b-712e6c9d3eec/142/107/cropped.jpg
à¶à¶»à·à¶¸à·à¶±à·à¶­ à·à·à¶½à·à·à¶à¶§ à¶à¶©à¶¸à¶à· à·à·à¶à·à¶«à·à¶¸ 012 à·à·à¶»à¶«,https://ikman.lk/en/ad/krmaant-shaalaavktt-iddmk-vikinniim-012-hornn-for-sale-kalutara,12.5 acres,"Kalutara, Land",$197183.0985915493 total price,2 hours,https://i.ikman-st.com/krmaant-shaalaavktt-iddmk-vikinniim-012-hornn-for-sale-kalutara/a9403a34-85c8-405c-a222-4a0e7e9efd71/142/107/cropped.jpg
Land For Sale In Horana keselhenawa,https://ikman.lk/en/ad/land-for-sale-in-horana-keselhenawa-for-sale-kalutara-60,12.5 perches,"Kalutara, Land",$380.28169014084506 per perch,2 hours,https://i.ikman-st.com/land-for-sale-in-horana-keselhenawa-for-sale-kalutara-60/46d1113a-103a-40e1-af34-74d86d848500/142/107/cropped.jpg
Prime Location Land for Sale in Bandaragama,https://ikman.lk/en/ad/prime-location-land-for-sale-in-bandaragama-for-sale-kalutara-1,176.85 perches,"Kalutara, Land",$352112.676056338 total price,.bump-up_svg__st1{fill:#ffc800},https://i.ikman-st.com/prime-location-land-for-sale-in-bandaragama-for-sale-kalutara-1/f9906a94-cca3-4b9b-b01b-d95d8177bd13/142/107/cropped.jpg
Single Story House For Rent in Maharagama for rent,https://ikman.lk/en/ad/single-story-house-for-rent-in-maharagama-for-rent-colombo-1,"Beds: 4, Baths: 2","Colombo, House Rentals",null,null,null
Two Story House for Rent - Mawaramandiya for rent,https://ikman.lk/en/ad/two-story-house-for-rent-mawaramandiya-for-rent-gampaha,"Beds: 2, Baths: 2","Gampaha, House Rentals",null,null,null
Land For Sale Horana,https://ikman.lk/en/ad/land-for-sale-horana-for-sale-kalutara-3543,12.5 perches,"Kalutara, Land",$380.28169014084506 per perch,2 hours,https://i.ikman-st.com/land-for-sale-horana-for-sale-kalutara-3543/fef1284b-3090-43e4-bd4f-8d50727369e9/142/107/cropped.jpg
Land For Sale Gampaha-pugoda,https://ikman.lk/en/ad/land-for-sale-gampaha-pugoda-for-sale-colombo,12.5 perches,"Colombo, Land",$478.8732394366197 per perch,2 hours,https://i.ikman-st.com/land-for-sale-gampaha-pugoda-for-sale-colombo/6e00fbaf-9538-43b7-bda2-51044d3c9b53/142/107/cropped.jpg
Room for Rent in Maharagama Male,https://ikman.lk/en/ad/room-for-rent-in-maharagama-male-for-rent-colombo-8,"Beds: 1, Baths: 1","Colombo, Room & Annex Rentals",null,null,null
"Apartments for Sale - No: 5, Athula Place, Colombo 05. for sale",https://ikman.lk/en/ad/apartments-for-sale-no-5-athula-place-colombo-05-for-sale-colombo,"Bedrooms: 3, Bathrooms: 2","Colombo, Apartments For Sale",null,null,null
à¶à¶©à¶¸à· à¶¢à·à¶à¶½ à¶´à¶¸à·à¶«à·à¶à¶¸,https://ikman.lk/en/ad/iddm-jaaael-pmunnugm-for-sale-gampaha-3,8.0 perches,"Gampaha, Land",$1478.8732394366198 per perch,2 hours,https://i.ikman-st.com/iddm-jaaael-pmunnugm-for-sale-gampaha-3/c9986a85-55d5-41b0-9c2b-ddebba2aead5/142/107/cropped.jpg
3 Storied Mountain Villa for Sale in Kandy for sale,https://ikman.lk/en/ad/3-storied-mountain-villa-for-sale-in-kandy-for-sale-kandy-1,"Bedrooms: 5, Bathrooms: 5","Kandy, Houses For Sale",null,null,null
House for Rent in Jaela for rent,https://ikman.lk/en/ad/house-for-rent-in-jaela-for-rent-gampaha-116,"Beds: 3, Baths: 2","Gampaha, House Rentals",null,null,null
à¶à¶©à¶¸à· à¶à¶©à·à·à·à¶½ à¶±à¶à¶»à¶ºà¶§ à·à¶¸à·à¶´à¶ºà·à¶±à·,https://ikman.lk/en/ad/iddm-kdduvel-ngrytt-smiipyen-for-sale-colombo-1,10.0 perches,"Colombo, Land",$1028.1690140845071 per perch,2 hours,https://i.ikman-st.com/iddm-kdduvel-ngrytt-smiipyen-for-sale-colombo-1/f7799732-fb7b-4abc-879a-46433f716a68/142/107/cropped.jpg
House for Rent in - Piliyandala for rent,https://ikman.lk/en/ad/house-for-rent-in-piliyandala-for-rent-colombo-2043,"Beds: 2, Baths: 1","Colombo, House Rentals",null,null,null
Super Build House For Sale thalawathugoda for sale,https://ikman.lk/en/ad/super-build-house-for-sale-thalawathugoda-for-sale-colombo,"Bedrooms: 5, Bathrooms: 4","Colombo, Houses For Sale",null,null,null
Land Sale in Horana - Keselhenawa,https://ikman.lk/en/ad/land-sale-in-horana-keselhenawa-for-sale-kalutara-24,12.5 perches,"Kalutara, Land",$366.19718309859155 per perch,.bump-up_svg__st1{fill:#ffc800},https://i.ikman-st.com/land-sale-in-horana-keselhenawa-for-sale-kalutara-24/b27a66d4-a7c1-47b2-b12b-4a903599dff5/142/107/cropped.jpg
à¶à·à·à·à¶¶à·à· - à¶à·à¶­à·à¶©à·à·,https://ikman.lk/en/ad/kaesbaaev-khtudduv-for-sale-colombo,6.5 perches,"Colombo, Land",$1943.661971830986 per perch,.bump-up_svg__st1{fill:#ffc800},https://i.ikman-st.com/kaesbaaev-khtudduv-for-sale-colombo/7ade46a2-0e2f-46c2-a5c1-718facf62c97/142/107/cropped.jpg
Land for Sale Horana,https://ikman.lk/en/ad/land-for-sale-horana-for-sale-kalutara-3495,12.5 perches,"Kalutara, Land",$380.28169014084506 per perch,.bump-up_svg__st1{fill:#ffc800},https://i.ikman-st.com/land-for-sale-horana-for-sale-kalutara-3495/311415fa-8165-4fff-8758-663e426b27ec/142/107/cropped.jpg
House For Sale In Gampaha City for sale,https://ikman.lk/en/ad/house-for-sale-in-gampaha-city-for-sale-gampaha-1,"Bedrooms: 4, Bathrooms: 2","Gampaha, Houses For Sale",null,null,null
Apartments for Sale in - Dehiwala 05007 for sale,https://ikman.lk/en/ad/apartments-for-sale-in-dehiwala-05007-for-sale-colombo-1,"Bedrooms: 2, Bathrooms: 2","Colombo, Apartments For Sale",null,null,null
à¶à¶à·à¶»à·à·à·à¶­à·à¶§ à¶»à¶ºà·à¶à¶¸ à¶´à·à¶»à·à¶±à· à¶à¶à¶±à· à¶¶à·à¶¸à·à¶à·à¶§à·à·,https://ikman.lk/en/ad/aguruvaatott-ryigm-paarin-agnaa-bimkotts-for-sale-kalutara,35.0 perches,"Kalutara, Land",$352.11267605633805 per perch,.bump-up_svg__st1{fill:#ffc800},https://i.ikman-st.com/aguruvaatott-ryigm-paarin-agnaa-bimkotts-for-sale-kalutara/675eacf9-5f5d-4320-afba-2d498cf68148/142/107/cropped.jpg
Luxurious House for Rent in Battaramulla for rent,https://ikman.lk/en/ad/luxurious-house-for-rent-in-battaramulla-for-sale-colombo,"Beds: 5, Baths: 5","Colombo, House Rentals",null,null,null
Luxury Ongoing Apartment for Sale in Nugegoda - 21287 for sale,https://ikman.lk/en/ad/luxury-ongoing-apartment-for-sale-in-nugegoda-21287-for-sale-colombo-1,"Bedrooms: 3, Bathrooms: 2","Colombo, Apartments For Sale",null,null,null
Luxury Apartment for Sale in Nugegoda - 08284 for sale,https://ikman.lk/en/ad/luxury-apartment-for-sale-in-nugegoda-08284-for-sale-colombo-1,"Bedrooms: 3, Bathrooms: 2","Colombo, Apartments For Sale",null,null,null
Land for Sale Near Biyagama Zone,https://ikman.lk/en/ad/land-for-sale-near-biyagama-zone-for-sale-colombo-1,10.0 perches,"Colombo, Land",$1028.1690140845071 per perch,.bump-up_svg__st1{fill:#ffc800},https://i.ikman-st.com/land-for-sale-near-biyagama-zone-for-sale-colombo-1/5fbad165-5671-4940-afce-f48773ee3323/142/107/cropped.jpg
land for sale jaela,https://ikman.lk/en/ad/land-for-sale-jaela-for-sale-gampaha-176,8.0 perches,"Gampaha, Land",$1478.8732394366198 per perch,.bump-up_svg__st1{fill:#ffc800},https://i.ikman-st.com/land-for-sale-jaela-for-sale-gampaha-176/d0eb19ba-5d22-4abd-a8e6-785cc80d60a7/142/107/cropped.jpg
Land for Sale in Kahathuduwa,https://ikman.lk/en/ad/land-for-sale-in-kahathuduwa-for-sale-colombo-957,9.0 perches,"Colombo, Land",$1267.605633802817 per perch,.bump-up_svg__st1{fill:#ffc800},https://i.ikman-st.com/land-for-sale-in-kahathuduwa-for-sale-colombo-957/79adf2f7-d605-4814-8995-7d9cd8916b67/142/107/cropped.jpg
à¶¸à·à¶´à·à¶±à· à·à·à¶¯ à¶à¶©à¶¸à·,https://ikman.lk/en/ad/miipen-hod-iddm-for-sale-kalutara,10.0 perches,"Kalutara, Land",$760.5633802816901 per perch,2 hours,https://i.ikman-st.com/miipen-hod-iddm-for-sale-kalutara/2fe41bf5-786d-40fd-9c40-63a34a4efee6/142/107/cropped.jpg
1580 Sq. Feet Apartments for Sale in Dehiwala - 30286 for sale,https://ikman.lk/en/ad/1580-sq-feet-apartments-for-sale-in-dehiwala-30286-for-sale-colombo,"Bedrooms: 4, Bathrooms: 3","Colombo, Apartments For Sale",null,null,null
Land for Sale Pokunuwita,https://ikman.lk/en/ad/land-for-sale-pokunuwita-for-sale-kalutara-33,10.0 perches,"Kalutara, Land",$760.5633802816901 per perch,.bump-up_svg__st1{fill:#ffc800},https://i.ikman-st.com/land-for-sale-pokunuwita-for-sale-kalutara-33/3a732adf-69fa-4836-b414-61ef999ffc5d/142/107/cropped.jpg
House for Sale in Kotte (C7-2328) for sale,https://ikman.lk/en/ad/house-for-sale-in-kotte-c7-2328-for-sale-colombo,"Bedrooms: 3, Bathrooms: 1","Colombo, Houses For Sale",null,null,null
11.75 P Land for Sale at Facing Beddagana Road Pitakotte,https://ikman.lk/en/ad/1175-p-land-for-sale-at-facing-beddagana-road-pitakotte-for-sale-colombo,11.75 perches,"Colombo, Land",$9859.154929577464 per perch,2 hours,https://i.ikman-st.com/1175-p-land-for-sale-at-facing-beddagana-road-pitakotte-for-sale-colombo/75e6e325-b92b-4d99-b944-7000fcc3bfaa/142/107/cropped.jpg
3 Storied Luxury House for sale in Malabe for sale,https://ikman.lk/en/ad/3-storied-luxury-house-for-sale-in-malabe-for-sale-colombo,"Bedrooms: 10+, Bathrooms: 10","Colombo, Houses For Sale",null,null,null
Land for Sale Near Keselhenawa Junction,https://ikman.lk/en/ad/land-for-sale-near-keselhenawa-junction-for-sale-kalutara-2,18.0 perches,"Kalutara, Land",$380.28169014084506 per perch,.bump-up_svg__st1{fill:#ffc800},https://i.ikman-st.com/land-for-sale-near-keselhenawa-junction-for-sale-kalutara-2/91114ea7-8ccb-4496-98d4-35f8ab23fc70/142/107/cropped.jpg
Brand New Luxury Two Stories House for Sale in Kandana for sale,https://ikman.lk/en/ad/brand-new-luxury-two-stories-house-for-sale-in-kandana-for-sale-gampaha-8,"Bedrooms: 4, Bathrooms: 4","Gampaha, Houses For Sale",null,null,null
Two Storey House For Sale In Nugegoda for sale,https://ikman.lk/en/ad/two-storey-house-for-sale-in-nugegoda-for-sale-colombo-16,"Bedrooms: 4, Bathrooms: 3","Colombo, Houses For Sale",null,null,null
Land Sale in Horana - Pokunuwita(r),https://ikman.lk/en/ad/land-sale-in-horana-pokunuwitar-for-sale-kalutara,12.5 perches,"Kalutara, Land",$774.6478873239437 per perch,.bump-up_svg__st1{fill:#ffc800},https://i.ikman-st.com/land-sale-in-horana-pokunuwitar-for-sale-kalutara/55631dd4-de53-4532-b081-e61e34e4af2a/142/107/cropped.jpg
16.76 P Bare Land Sale At 1 st Lane Highlevel Road Colombo 05,https://ikman.lk/en/ad/1676-p-bare-land-sale-at-1-st-lane-highlevel-road-colombo-05-for-sale-colombo,16.76 perches,"Colombo, Land",$13380.281690140846 per perch,2 hours,https://i.ikman-st.com/1676-p-bare-land-sale-at-1-st-lane-highlevel-road-colombo-05-for-sale-colombo/f711ee5d-2d02-47e4-b5f4-3ef865c2752d/142/107/cropped.jpg
Land for seal Bellapitiya Kadhana,https://ikman.lk/en/ad/land-for-seal-bellapitiya-kadhana-for-sale-kalutara-1,12.5 perches,"Kalutara, Land",$380.28169014084506 per perch,.bump-up_svg__st1{fill:#ffc800},https://i.ikman-st.com/land-for-seal-bellapitiya-kadhana-for-sale-kalutara-1/3681aa8a-d9b9-449f-aad1-974736487726/142/107/cropped.jpg
Land for Sale Kaduwela,https://ikman.lk/en/ad/land-for-sale-kaduwela-for-sale-colombo-1558,10.0 perches,"Colombo, Land",$985.9154929577464 per perch,.bump-up_svg__st1{fill:#ffc800},https://i.ikman-st.com/land-for-sale-kaduwela-for-sale-colombo-1558/0a97c017-be5a-46e1-9015-3dcef1c47c02/142/107/cropped.jpg
Brand new Single story House for sale in Kesbewa for sale,https://ikman.lk/en/ad/brand-new-single-story-house-for-sale-in-kesbewa-for-sale-colombo-33,"Bedrooms: 3, Bathrooms: 3","Colombo, Houses For Sale",null,null,null
Apartment for Sale in Mount Lavinia for sale,https://ikman.lk/en/ad/apartment-for-sale-in-mount-lavinia-for-sale-colombo-244,"Bedrooms: 3, Bathrooms: 2","Colombo, Apartments For Sale",null,null,null
Apartment for Sale in Colombo 5 for sale,https://ikman.lk/en/ad/apartment-for-sale-in-colombo-5-for-sale-colombo-94,"Bedrooms: 3, Bathrooms: 2","Colombo, Apartments For Sale",null,null,null
Land sale in Idalgashinna,https://ikman.lk/en/ad/land-sale-in-idalgashinna-for-sale-badulla,40.0 perches,"Badulla, Land",$5633.802816901409 total price,3 hours,https://i.ikman-st.com/land-sale-in-idalgashinna-for-sale-badulla/26ea42e4-5ace-40ff-b3b3-2af09512140c/142/107/cropped.jpg
Super Land for Sale - Talawathugoda,https://ikman.lk/en/ad/super-land-for-sale-talawathugoda-for-sale-colombo-30,10.0 perches,"Colombo, Land",$2816.9014084507044 per perch,3 hours,https://i.ikman-st.com/super-land-for-sale-talawathugoda-for-sale-colombo-30/582a0c7f-f87c-4a20-abdd-25afa95d1031/142/107/cropped.jpg
Land for Sale Piliyandala Madapatha,https://ikman.lk/en/ad/land-for-sale-piliyandala-madapatha-for-sale-colombo-48,6.0 perches,"Colombo, Land",$2183.0985915492956 per perch,.bump-up_svg__st1{fill:#ffc800},https://i.ikman-st.com/land-for-sale-piliyandala-madapatha-for-sale-colombo-48/9e3c55f5-54b5-4d55-a6c8-7b533e777d7d/142/107/cropped.jpg
à¶´à·à¶à·à¶© à¶±à¶à¶»à¶ºà¶§ à¶±à·à¶¯à·à¶»à·à¶±à· à·à·à¶à·à¶«à·à¶± à¶à¶©à¶¸à· à¶à·à¶§à·à·,https://ikman.lk/en/ad/puugodd-ngrytt-nudurin-vikinnen-iddm-kotts-for-sale-colombo,12.5 perches,"Colombo, Land",$521.1267605633802 per perch,.bump-up_svg__st1{fill:#ffc800},https://i.ikman-st.com/puugodd-ngrytt-nudurin-vikinnen-iddm-kotts-for-sale-colombo/bb0707c9-7343-406f-93df-eb234a86ba42/142/107/cropped.jpg
Land For Sale In Kahathuduwa,https://ikman.lk/en/ad/land-for-sale-in-kahathuduwa-for-sale-colombo-964,10.0 perches,"Colombo, Land",$9859.154929577464 per perch,3 hours,https://i.ikman-st.com/land-for-sale-in-kahathuduwa-for-sale-colombo-964/c5eb7001-a82a-4282-b019-d0798fbb171e/142/107/cropped.jpg
Land for Sale in Talawathugoda,https://ikman.lk/en/ad/land-for-sale-in-talawathugoda-for-sale-colombo-116,12.0 perches,"Colombo, Land",$4084.507042253521 per perch,3 hours,https://i.ikman-st.com/land-for-sale-in-talawathugoda-for-sale-colombo-116/acca5125-ff1e-4610-8fe8-6f7a4b17ff03/142/107/cropped.jpg
à·à·à¶»à¶« -à¶¸à¶­à·à¶à¶¸ à¶¶à·à· à¶´à·à¶»à¶§ à¶¸à·à·à·à¶« à¶½à· à·à¶§à·à¶±à· à¶à¶©à¶¸à·,https://ikman.lk/en/ad/hornn-mtugm-bs-paartt-muhunn-laa-vttinaa-iddm-for-sale-kalutara,12.5 perches,"Kalutara, Land",$366.19718309859155 per perch,3 hours,https://i.ikman-st.com/hornn-mtugm-bs-paartt-muhunn-laa-vttinaa-iddm-for-sale-kalutara/e7347489-9be0-4fe8-b259-9cd3305e48c4/142/107/cropped.jpg
Lands in Galle Pinnaduwa,https://ikman.lk/en/ad/lands-in-galle-pinnaduwa-for-sale-colombo,6.0 perches,"Colombo, Land",$830.9859154929577 per perch,.bump-up_svg__st1{fill:#ffc800},https://i.ikman-st.com/lands-in-galle-pinnaduwa-for-sale-colombo/17110ea4-e6bb-4201-a678-dc38df28e05d/142/107/cropped.jpg
15.5P Land For Sale in Athurugiriya,https://ikman.lk/en/ad/155p-land-for-sale-in-athurugiriya-for-sale-colombo,15.5 perches,"Colombo, Land",$3239.43661971831 per perch,3 hours,https://i.ikman-st.com/155p-land-for-sale-in-athurugiriya-for-sale-colombo/dc3674fe-00b0-4648-948f-43c441535757/142/107/cropped.jpg
Single Story House for Sale in Athurugiriya for sale,https://ikman.lk/en/ad/single-story-house-for-sale-in-athurugiriya-for-sale-colombo-43,"Bedrooms: 4, Bathrooms: 2","Colombo, Houses For Sale",null,null,null
House for sale in Nattarampotha for sale,https://ikman.lk/en/ad/house-for-sale-in-nattarampotha-for-sale-kandy,"Bedrooms: 5, Bathrooms: 3","Kandy, Houses For Sale",null,null,null
Highly Residential Guardian Land Plots Nittambuwa,https://ikman.lk/en/ad/highly-residential-guardian-land-plots-nittambuwa-for-sale-gampaha-1,12.5 perches,"Gampaha, Land",$704.2253521126761 per perch,.bump-up_svg__st1{fill:#ffc800},https://i.ikman-st.com/highly-residential-guardian-land-plots-nittambuwa-for-sale-gampaha-1/dbcb8f90-d1d2-4e38-85d8-a0de2dafdf65/142/107/cropped.jpg
à·à·à¶½à·à¶´à·à¶±à·à¶± à¶à¶°à·à·à·à¶à·à¶¸à·à¶»à·à¶à¶ºà¶§ à·à·à¶±à·à¶©à· 5à¶ à¶¯à·à¶»à·à¶±à· à¶à¶©à¶¸à¶à·,https://ikman.lk/en/ad/vaelipaenn-adhiveegiimaargytt-vinaaddi-5k-durin-iddmk-for-sale-kalutara,12.0 perches,"Kalutara, Land",$521.1267605633802 per perch,.bump-up_svg__st1{fill:#ffc800},https://i.ikman-st.com/vaelipaenn-adhiveegiimaargytt-vinaaddi-5k-durin-iddmk-for-sale-kalutara/daf009aa-0525-4986-b37a-f180e556163e/142/107/cropped.jpg
à·à·à¶¯à·à¶¯à·à· à¶±à¶à¶»à¶ºà¶§ à¶à·à·à¶¯à·à¶± à¶¯à·à¶»à·à¶±à·,https://ikman.lk/en/ad/vaadduuv-ngrytt-aevidin-durin-for-sale-kalutara,10.0 perches,"Kalutara, Land",$1408.4507042253522 per perch,3 hours,https://i.ikman-st.com/vaadduuv-ngrytt-aevidin-durin-for-sale-kalutara/17b647ba-d5a1-4e33-a891-bef510cc16e0/142/107/cropped.jpg
House with 29 Perch Land for Sale Maharagama (Ld89),https://ikman.lk/en/ad/house-with-29-perch-land-for-sale-maharagama-ld89-for-sale-colombo,25.0 perches,"Colombo, Land",$12676.05633802817 per perch,3 hours,https://i.ikman-st.com/house-with-29-perch-land-for-sale-maharagama-ld89-for-sale-colombo/eb4cb301-f525-4005-99ce-344b33ad6360/142/107/cropped.jpg
1st Floor House For Rent Dehiwala for rent,https://ikman.lk/en/ad/1st-floor-house-for-rent-dehiwala-for-rent-colombo-120,"Beds: 3, Baths: 2","Colombo, House Rentals",null,null,null
Residential Land for Sale in Rajagiriya (C7-2325),https://ikman.lk/en/ad/residential-land-for-sale-in-rajagiriya-c7-2325-for-sale-colombo,20.0 perches,"Colombo, Land",$12676.05633802817 per perch,3 hours,https://i.ikman-st.com/residential-land-for-sale-in-rajagiriya-c7-2325-for-sale-colombo/8e089210-2cb4-4213-bdee-dc9645ac2486/142/107/cropped.jpg
Super Land for Sale - Nugegoda,https://ikman.lk/en/ad/super-land-for-sale-nugegoda-for-sale-colombo-134,10.0 perches,"Colombo, Land",$7605.633802816901 per perch,3 hours,https://i.ikman-st.com/super-land-for-sale-nugegoda-for-sale-colombo-134/b6f555c3-26b4-4b1f-94e5-43c1288af37f/142/107/cropped.jpg
2Nd Floor of a Up Stair House for Rent at Battaramulla for rent,https://ikman.lk/en/ad/2nd-floor-of-a-up-stair-house-for-rent-at-battaramulla-for-rent-colombo-1,"Beds: 4, Baths: 2","Colombo, House Rentals",null,null,null
à¶à¶¯à·à·à·à¶à· à¶´à·à·à·à·à·à¶¸à¶§ à¶à·à¶±à·à¶±à¶ºà· à¶à¶©à¶¸ - à¶¯à·à¶©à¶à¶à·à¶©,https://ikman.lk/en/ad/adiveegii-pivisumtt-aasnnyee-iddm-doddngodd-for-sale-kalutara,10.0 perches,"Kalutara, Land",$708.4507042253521 per perch,3 hours,https://i.ikman-st.com/adiveegii-pivisumtt-aasnnyee-iddm-doddngodd-for-sale-kalutara/c7201fb3-6dbc-4075-94b3-4a7b966f0850/142/107/cropped.jpg
à·à·à¶½à·à¶ºà·à¶ºà¶à¶§ à¶¸à·à¶ºà·à¶¸à·à· à¶à¶©à¶¸à¶à· - Padukka,https://ikman.lk/en/ad/veelyaayktt-maayimv-iddmk-padukka-for-sale-colombo,12.0 perches,"Colombo, Land",$732.3943661971831 per perch,3 hours,https://i.ikman-st.com/veelyaayktt-maayimv-iddmk-padukka-for-sale-colombo/aae9dc4c-abe3-4835-a2c4-5720710ba0a4/142/107/cropped.jpg
House For Rent Ampitiya for rent,https://ikman.lk/en/ad/house-for-rent-ampitiya-for-rent-kandy-9,"Beds: 3, Baths: 2","Kandy, House Rentals",null,null,null
1st Floor House for Rent Dehiwala for rent,https://ikman.lk/en/ad/1st-floor-house-for-rent-dehiwala-for-rent-colombo-121,"Beds: 3, Baths: 1","Colombo, House Rentals",null,null,null
Land for sale in Elpitiya,https://ikman.lk/en/ad/land-for-sale-in-elpitiya-for-sale-galle-487,10.0 perches,"Galle, Land",$7042.2535211267605 total price,.bump-up_svg__st1{fill:#ffc800},https://i.ikman-st.com/land-for-sale-in-elpitiya-for-sale-galle-487/9cff4df7-b3d1-4fb0-a962-cd62ce49fd10/142/107/cropped.jpg
Land for Sale in Peradeniya - Gelioya,https://ikman.lk/en/ad/land-for-sale-in-peradeniya-gelioya-for-sale-kandy-4,10.0 perches,"Kandy, Land",$704.2253521126761 per perch,3 hours,https://i.ikman-st.com/land-for-sale-in-peradeniya-gelioya-for-sale-kandy-4/01ae91f1-bebf-4ef0-ba3c-f70016e7da16/142/107/cropped.jpg
17.35 P Land with House For Sale at 2nd Lane Koswatta Nawala,https://ikman.lk/en/ad/1735-p-land-with-house-for-sale-at-2nd-lane-koswatta-nawala-for-sale-colombo,17.36 perches,"Colombo, Land",$8873.239436619719 per perch,3 hours,https://i.ikman-st.com/1735-p-land-with-house-for-sale-at-2nd-lane-koswatta-nawala-for-sale-colombo/9dfe57ca-6f78-4f2f-aae6-4dfe556fab95/142/107/cropped.jpg
Land for Sale - Nugegoda,https://ikman.lk/en/ad/land-for-sale-nugegoda-for-sale-colombo-748,25.0 perches,"Colombo, Land",$7042.2535211267605 per perch,3 hours,https://i.ikman-st.com/land-for-sale-nugegoda-for-sale-colombo-748/200f8861-b893-40c3-b3bb-5641a3a88668/142/107/cropped.jpg
Holiday Apartment For Rent In Dehiwala,https://ikman.lk/en/ad/holiday-apartment-for-rent-in-dehiwala-for-rent-colombo-12,"Beds: 3, Baths: 2","Colombo, Holiday & Short-Term Rental",null,null,null
Land for Sale in Meewanapalana,https://ikman.lk/en/ad/land-for-sale-in-meewanapalana-for-sale-kalutara-56,10.0 perches,"Kalutara, Land",$845.0704225352113 per perch,3 hours,https://i.ikman-st.com/land-for-sale-in-meewanapalana-for-sale-kalutara-56/2093ae68-301c-4809-987d-87db4e903ca0/142/107/cropped.jpg
House for Rent at Kotte for rent,https://ikman.lk/en/ad/house-for-rent-at-kotte-for-rent-colombo-32,"Beds: 2, Baths: 1","Colombo, House Rentals",null,null,null
Land For Sale In Embilipitiya,https://ikman.lk/en/ad/iddmk-vikinniim-for-sale-ratnapura,10.0 perches,"Ratnapura, Land",$2535.211267605634 total price,3 hours,https://i.ikman-st.com/iddmk-vikinniim-for-sale-ratnapura/b845a234-6aa6-4923-8cc8-1645a88859ff/142/107/cropped.jpg
Annex for Rent in Kurunegala,https://ikman.lk/en/ad/annex-for-rent-in-kurunegala-for-rent-kurunegala-111,"Beds: 1, Baths: 1","Kurunegala, Room & Annex Rentals",null,null,null
Land Plots Sale in Pannipitiya,https://ikman.lk/en/ad/land-plots-sale-in-pannipitiya-for-sale-colombo-4,7.5 perches,"Colombo, Land",$5633.802816901409 per perch,3 hours,https://i.ikman-st.com/land-plots-sale-in-pannipitiya-for-sale-colombo-4/58fce23f-9318-438a-b64d-e872797d1dc3/142/107/cropped.jpg
Super Land for Sale with Single Storey House - à·à·à¶à·à¶«à·à¶¸à¶§,https://ikman.lk/en/ad/super-land-for-sale-with-single-storey-house-vikinniimtt-for-sale-colombo,15.0 perches,"Colombo, Land",$5774.647887323944 per perch,3 hours,https://i.ikman-st.com/super-land-for-sale-with-single-storey-house-vikinniimtt-for-sale-colombo/981dd160-17c9-4570-9ea7-c6c4046dab60/142/107/cropped.jpg
Luxury House for Sale in Kandana (c7-2324) for sale,https://ikman.lk/en/ad/luxury-house-for-sale-in-kandana-c7-2324-for-sale-gampaha-1,"Bedrooms: 4, Bathrooms: 3","Gampaha, Houses For Sale",null,null,null
House Wanted,https://ikman.lk/en/ad/house-wanted-to-buy-badulla,,"Badulla, Houses For Sale",null,null,null
Land for sale in moratuwa,https://ikman.lk/en/ad/land-for-sale-in-moratuwa-for-sale-colombo-757,7.0 perches,"Colombo, Land",$4788.732394366197 per perch,3 hours,https://i.ikman-st.com/land-for-sale-in-moratuwa-for-sale-colombo-757/305802df-ac8c-4eb4-8cca-b57ad0f0a481/142/107/cropped.jpg
Two Stories House for Rent in Kandana for rent,https://ikman.lk/en/ad/two-stories-house-for-rent-in-kandana-for-rent-gampaha-5,"Beds: 2, Baths: 1","Gampaha, House Rentals",null,null,null
14.5p with Brand New House for Sale in Piliyandala for sale,https://ikman.lk/en/ad/145p-with-brand-new-house-for-sale-in-piliyandala-for-sale-colombo-1,"Bedrooms: 6, Bathrooms: 5","Colombo, Houses For Sale",null,null,null
120 à¶¶à·à· à¶´à·à¶» à¶à·à¶§à·à¶±à· à¶à¶©à¶¸à¶à· à·à·à¶à·à¶«à·à¶¸à¶§ à¶à·à¶¹à·à¶,https://ikman.lk/en/ad/120-bs-paar-avttin-iddmk-vikinniimtt-kumbuk-for-sale-kalutara,10.0 perches,"Kalutara, Land",$8169.014084507042 total price,3 hours,https://i.ikman-st.com/120-bs-paar-avttin-iddmk-vikinniimtt-kumbuk-for-sale-kalutara/d99b6046-7cd9-4213-b41b-17073fffe042/142/107/cropped.jpg
Luxury House for Rent in Battaramulla- 607 U for rent,https://ikman.lk/en/ad/luxury-house-for-rent-in-battaramulla-607-u-for-rent-colombo-3,"Beds: 3, Baths: 3","Colombo, House Rentals",null,null,null
House for Rent in - Ja-Ela for rent,https://ikman.lk/en/ad/house-for-rent-in-ja-ela-for-rent-gampaha-686,"Beds: 3, Baths: 2","Gampaha, House Rentals",null,null,null
Mtlavinia Templers rd LAND 7perches,https://ikman.lk/en/ad/mtlavinia-templers-rd-land-7perches-for-sale-colombo-14,7.0 perches,"Colombo, Land",$7605.633802816901 per perch,3 hours,https://i.ikman-st.com/mtlavinia-templers-rd-land-7perches-for-sale-colombo-14/734202d7-65f3-4609-b4f1-c9208b0df5f8/142/107/cropped.jpg
27.5 Super Luxury House for Sale in Pepiliyana for sale,https://ikman.lk/en/ad/275-super-luxury-house-for-sale-in-pepiliyana-for-sale-colombo,"Bedrooms: 6, Bathrooms: 5","Colombo, Houses For Sale",null,null,null
Rent for 1st floor of the three storey house in Boralesgamuwa for rent,https://ikman.lk/en/ad/rent-for-1st-floor-of-the-three-storey-house-in-boralesgamuwa-for-rent-colombo-1,"Beds: 3, Baths: 1","Colombo, House Rentals",null,null,null
New House for Sale in - Athurugiriya for sale,https://ikman.lk/en/ad/new-house-for-sale-in-athurugiriya-for-sale-colombo-161,"Bedrooms: 4, Bathrooms: 2","Colombo, Houses For Sale",null,null,null
à·à·âà¶ºà·à¶´à·à¶»à·à¶ à·à·à¶®à·à¶±à¶ºà¶à· à·à·à¶à·à¶«à·à¶¸à¶§ - wellampitiya for sale,https://ikman.lk/en/ad/vyaapaarik-sthaanyk-vikinniimtt-for-sale-colombo-3,600 sqft,"Colombo, Commercial Properties For Sale",null,null,null
Brand House Sale in Thalawathugoda for sale,https://ikman.lk/en/ad/brand-house-sale-in-thalawathugoda-for-sale-colombo,"Bedrooms: 7, Bathrooms: 6","Colombo, Houses For Sale",null,null,null
à¶à¶°à·à·à·à¶à· à¶¸à·à¶»à·à¶à¶ºà· à¶à·à¶§à·à¶±à· à¶à¶©à¶¸à¶à· à·à·à¶à·à¶«à·à¶¸à¶§ Kumbuka,https://ikman.lk/en/ad/adhiveegii-maargyee-avttin-iddmk-vikinniimtt-kumbuka-for-sale-kalutara,12.0 perches,"Kalutara, Land",$788.7323943661971 per perch,3 hours,https://i.ikman-st.com/adhiveegii-maargyee-avttin-iddmk-vikinniimtt-kumbuka-for-sale-kalutara/ad438d79-8e0e-4b7d-b55a-ec8626db567e/142/107/cropped.jpg
Modern Furnished House For Rent in Rajagiriya for rent,https://ikman.lk/en/ad/modern-furnished-house-for-rent-in-rajagiriya-for-rent-colombo,"Beds: 4, Baths: 4","Colombo, House Rentals",null,null,null
à¶à¶©à¶¸à¶à· à·à·à¶à·à¶«à·à¶¸à¶§ à¶à·à¶±à¶´à¶½,https://ikman.lk/en/ad/iddmk-vikinniimtt-goonpl-for-sale-kalutara-2,10.0 perches,"Kalutara, Land",$816.9014084507043 per perch,3 hours,https://i.ikman-st.com/iddmk-vikinniimtt-goonpl-for-sale-kalutara-2/f34b4c12-3078-45dd-b78a-a8c5aad2818b/142/107/cropped.jpg
à·à·à¶±à·à¶¯à¶» à¶¯à·à¶à·à·à·à¶½à·à¶½ à¶±à¶à¶»à¶ºà¶§ à¶à·à¶±à·à¶±à· à¶à¶¶à¶§à¶­à· à·à¶§à·à¶±à· à¶±à·à·à·à·à·à¶ à¶¶à·à¶¸à· à¶à·à¶§à·à¶à· à·à·à¶à·à¶«à·à¶¸à¶§,https://ikman.lk/en/ad/sundr-dikvaell-ngrytt-aasnnv-obttt-vttinaa-neevaasik-bim-kottsk-vikinniimtt-for-sale-hambantota,10.0 perches,"Hambantota, Land",$661.9718309859155 per perch,3 hours,https://i.ikman-st.com/sundr-dikvaell-ngrytt-aasnnv-obttt-vttinaa-neevaasik-bim-kottsk-vikinniimtt-for-sale-hambantota/fa349e3c-926e-41b0-be7e-05c18d61c6d0/142/107/cropped.jpg
à¶¶à·à¶±à·à¶­à·à¶§ à¶à¶©à¶¸à¶à· à·à·à¶à·à¶«à·à¶¸à¶§,https://ikman.lk/en/ad/bentott-iddmk-vikinniimtt-for-sale-galle-1,12.5 perches,"Galle, Land",$348.4225352112676 per perch,3 hours,https://i.ikman-st.com/bentott-iddmk-vikinniimtt-for-sale-galle-1/0f850f5f-c955-47c3-9e46-15cb3946a5ca/142/107/cropped.jpg
Luxury Land Plot For Sale Maharagama,https://ikman.lk/en/ad/luxury-land-plot-for-sale-maharagama-for-sale-colombo-1,7.75 perches,"Colombo, Land",$43661.971830985916 total price,3 hours,https://i.ikman-st.com/luxury-land-plot-for-sale-maharagama-for-sale-colombo-1/156c467c-69c5-433c-9ac2-9c2a3dc79dc3/142/107/cropped.jpg
land for sale in puttalam /à®à®¾à®£à®¿ à®µà®¿à®±à¯à®ªà®©à¯à®à¯à®à¯/à¶à¶©à¶¸à¶à· à·à·à¶à·à¶«à·à¶¸à¶§,https://ikman.lk/en/ad/land-for-sale-in-puttalam-kaanni-virrpnnnaikku-iddmk-vikinniimtt-for-sale-puttalam,10.0 perches,"Puttalam, Land",$1830.9859154929577 total price,3 hours,https://i.ikman-st.com/land-for-sale-in-puttalam-kaanni-virrpnnnaikku-iddmk-vikinniimtt-for-sale-puttalam/79f37e8a-d54b-4d66-915a-e3a036f5b2aa/142/107/cropped.jpg
à¶à¶©à·à·à·à¶±à· à·à·à¶¯ à¶à¶©à¶¸à¶à·,https://ikman.lk/en/ad/udduven-hod-iddmk-for-sale-kalutara,10.0 perches,"Kalutara, Land",$647.887323943662 per perch,3 hours,https://i.ikman-st.com/udduven-hod-iddmk-for-sale-kalutara/628e79ef-a9b5-4b7a-a530-483aaa3d7e90/142/107/cropped.jpg
Brand New Beautiful Super Luxury House - Kalalgoda for sale,https://ikman.lk/en/ad/brand-new-beautiful-super-luxury-house-kalalgoda-for-sale-colombo,"Bedrooms: 4, Bathrooms: 4","Colombo, Houses For Sale",null,null,null
House for Sale in Kottawa for sale,https://ikman.lk/en/ad/house-for-urgent-sale-in-kottawa-for-sale-colombo,"Bedrooms: 4, Bathrooms: 3","Colombo, Houses For Sale",null,null,null
à¶´à·à¶à·à¶«à·à·à·à¶§ - à¶¶à·à¶¸à· à¶à·à¶§à·,https://ikman.lk/en/ad/pokunnuvitt-bimi-kotts-for-sale-kalutara-3,10.0 perches,"Kalutara, Land",$774.6478873239437 per perch,3 hours,https://i.ikman-st.com/pokunnuvitt-bimi-kotts-for-sale-kalutara-3/4f48c9b2-3626-4643-92ed-02277ebccb01/142/107/cropped.jpg
à·à·à¶±à·à¶¯à¶» à·à·à¶»à¶« à¶±à¶à¶»à¶ºà·à¶±à· à¶¶à·à¶¸à· à¶à·à¶¶à¶½à· à·à·à¶à·à¶«à·à¶¸à¶§,https://ikman.lk/en/ad/sundr-hornn-ngryen-bim-kaebli-vikinniimtt-for-sale-kalutara-3,10.0 perches,"Kalutara, Land",$7323.943661971831 total price,3 hours,https://i.ikman-st.com/sundr-hornn-ngryen-bim-kaebli-vikinniimtt-for-sale-kalutara-3/faff801e-12ca-4f75-98ab-79fcf99fd21b/142/107/cropped.jpg
Land for Sale - Pannipitiya,https://ikman.lk/en/ad/land-for-sale-pannipitiya-for-sale-colombo-776,7.75 perches,"Colombo, Land",$5492.957746478874 per perch,3 hours,https://i.ikman-st.com/land-for-sale-pannipitiya-for-sale-colombo-776/d7853c84-6929-4305-ab56-f39eb68d0c65/142/107/cropped.jpg
à¶à·à·à·à¶à·à¶© - à¶à¶©à¶¸à¶à·,https://ikman.lk/en/ad/kosgodd-iddmk-for-sale-galle-9,10.0 perches,"Galle, Land",$901.4084507042254 per perch,3 hours,https://i.ikman-st.com/kosgodd-iddmk-for-sale-galle-9/38512a52-4519-4816-81b3-18bf2cc725dc/142/107/cropped.jpg
Land For Sale Kosgoda,https://ikman.lk/en/ad/land-for-sale-kosgoda-for-sale-galle-74,10.0 perches,"Galle, Land",$907.0422535211268 per perch,3 hours,https://i.ikman-st.com/land-for-sale-kosgoda-for-sale-galle-74/f0d877e0-581e-4a72-9ead-6a935ae4821d/142/107/cropped.jpg
Paddy field facing land for sale malabe town,https://ikman.lk/en/ad/paddy-field-facing-land-for-sale-malabe-town-for-sale-colombo-3,7.0 perches,"Colombo, Land",$4154.929577464789 per perch,.bump-up_svg__st1{fill:#ffc800},https://i.ikman-st.com/paddy-field-facing-land-for-sale-malabe-town-for-sale-colombo-3/c12b6164-e495-42ed-9d35-cbc800e44032/142/107/cropped.jpg
Land For Sale -Kurunegala yaggapitiya,https://ikman.lk/en/ad/land-for-sale-kurunegala-yaggapitiya-for-sale-kurunegala-3,15.0 perches,"Kurunegala, Land",$2253.521126760563 per perch,.bump-up_svg__st1{fill:#ffc800},https://i.ikman-st.com/land-for-sale-kurunegala-yaggapitiya-for-sale-kurunegala-3/d064a76d-0b14-4412-9047-94e396c3966e/142/107/cropped.jpg
Land for Sale - Moragahahena,https://ikman.lk/en/ad/land-for-sale-moragahahena-for-sale-colombo-130,10.0 perches,"Colombo, Land",$647.887323943662 per perch,3 hours,https://i.ikman-st.com/land-for-sale-moragahahena-for-sale-colombo-130/7372fca1-ca22-4603-a894-9ce2ccea9afb/142/107/cropped.jpg
Land for sale in Gurudeniya,https://ikman.lk/en/ad/land-for-sale-in-gurudeniya-for-sale-kandy-79,40.0 perches,"Kandy, Land",$34084.50704225352 total price,3 hours,https://i.ikman-st.com/land-for-sale-in-gurudeniya-for-sale-kandy-79/c53f631c-b532-4b2e-b643-d78aea351b6e/142/107/cropped.jpg
